,User,Date,Tweets Ago,Compound,Positive,Neutral,Negative,Text
0,@BBC,Sat Mar 31 16:15:07 +0000 2018,1,0.0,0.0,1.0,0.0,"Easter music and readings from the Chapel of @Kings_College, Cambridge. ?? ?

Easter from King's | 6:15pm | @BBCTwo… https://t.co/IrttRAqpPA"
1,@BBC,Sat Mar 31 15:43:37 +0000 2018,2,0.0,0.0,1.0,0.0,"RT @bbcthree: Someone's knitting cosy Easter postbox hats
https://t.co/XR2G6cj50y https://t.co/PsgJeP6f02"
2,@BBC,Sat Mar 31 15:42:42 +0000 2018,3,0.765,0.337,0.663,0.0,"RT @BBCRadio3: Get ready to luxuriate in the sounds of this English choral masterpiece.
https://t.co/bMDLRqB33p"
3,@BBC,Sat Mar 31 15:42:08 +0000 2018,4,-0.3612,0.0,0.857,0.143,RT @BBCLookEast: Here's the moment Stephen Hawking's funeral cortege arrived at the church in Cambridge. https://t.co/3Nu4GcHMoX
4,@BBC,Sat Mar 31 13:01:05 +0000 2018,5,0.128,0.185,0.662,0.152,"? True or false? 
@NiallOfficial screamed when @JustinBieber followed him on Twitter.  https://t.co/CIcv8AR2sy"
5,@BBC,Sat Mar 31 12:31:02 +0000 2018,6,0.0,0.0,1.0,0.0,"This is what happens when you get an OWL to deliver the rings at your wedding... ???
https://t.co/yi1tbmLg99"
6,@BBC,Sat Mar 31 11:50:05 +0000 2018,7,-0.3404,0.0,0.821,0.179,"? Don't like plastic in the supermarkets? 
Why not bin the lot! ???https://t.co/gfxquQUoj4"
7,@BBC,Sat Mar 31 11:28:03 +0000 2018,8,0.1779,0.362,0.638,0.0,It's still growing ? https://t.co/T5YocDauYj
8,@BBC,Sat Mar 31 11:26:30 +0000 2018,9,-0.6351,0.0,0.82,0.18,"RT @BBCArchive: Eh-oh! #OnThisDay 1997 the Teletubbies was first broadcast, featuring Tinky Winky, Dipsy, Laa-Laa, and Po. Again, again! ht…"
9,@BBC,Sat Mar 31 10:37:23 +0000 2018,10,0.7579,0.255,0.745,0.0,"RT @bbcgetinspired: BBC Get Inspired has teamed up with @PHE_uk's @OneYouPHE campaign to bring you the free #CouchTo5K smartphone app.

Sig…"
10,@BBC,Sat Mar 31 10:37:18 +0000 2018,11,0.93,0.58,0.42,0.0,RT @bbcthree: The amazing deaf dancer sharing his love and passion with others https://t.co/LdHnu8Fmct
11,@BBC,Sat Mar 31 10:27:04 +0000 2018,12,0.0,0.0,1.0,0.0,"? The world is running out of computer storage. 

? Could DNA be the answer? https://t.co/ww2UziMrWn"
12,@BBC,Sat Mar 31 09:04:03 +0000 2018,13,0.6369,0.198,0.802,0.0,The greatest wall you've never heard of: these mesmerising mosaics are hidden in Pakistan's Lahore Fort. ?… https://t.co/1urqLOyZAw
13,@BBC,Sat Mar 31 08:04:03 +0000 2018,14,0.0,0.0,1.0,0.0,"Thinking of getting off social media? 

These people did. Here's how they survive (and thrive).  https://t.co/5yB6SW1mTG"
14,@BBC,Sat Mar 31 07:03:06 +0000 2018,15,0.0,0.0,1.0,0.0,Brown bear cubs living in the forests of Sweden are spending longer with their mothers. ? ? https://t.co/WILDpFotl9 https://t.co/RukaU9k8Ja
15,@BBC,Fri Mar 30 20:23:06 +0000 2018,16,-0.4767,0.0,0.846,0.154,"Everyone is at rock bottom. And then Matt makes things worse. ?

@Matt_LeBlanc, @StephenMangan and Tamsin Greig are… https://t.co/wMqkSpRiUJ"
16,@BBC,Fri Mar 30 19:00:32 +0000 2018,17,-0.3182,0.0,0.723,0.277,?? When a cheetah interrupts your safari. https://t.co/Zi29GwxYA3
17,@BBC,Fri Mar 30 18:41:56 +0000 2018,18,0.6369,0.219,0.781,0.0,"RT @BBCOne: The search is on for Britain’s Best Home Cook. 

#BBHC @ClaudiaWinkle @DanDoherty_ @Chris_Bavin https://t.co/yw46HaGnKW"
18,@BBC,Fri Mar 30 18:01:02 +0000 2018,19,-0.5983,0.0,0.804,0.196,"? 'JESUS DID NOT HAVE CUSTARD CREAMS!'

Don't let the Lent Police catch you cheating this #EasterWeekend. https://t.co/lLXFoF5fdg"
19,@BBC,Fri Mar 30 17:29:06 +0000 2018,20,0.0,0.0,1.0,0.0,"An Oscar-winning short film, The Silent Child tells the story of a profoundly deaf child born to hearing parents, w… https://t.co/AD1CGpoZvu"
20,@BBC,Fri Mar 30 17:06:00 +0000 2018,21,0.0,0.0,1.0,0.0,"'Change doesn't come from outside.'

#Pilgrimage: The Road to Santiago | 9pm | @BBCTwo https://t.co/N4Fxc0EU77"
21,@BBC,Fri Mar 30 16:26:45 +0000 2018,22,0.5719,0.266,0.734,0.0,?? A dying man was granted his final wish in hospital - a visit from his dog. https://t.co/xE4rkcBJNv
22,@BBC,Fri Mar 30 16:02:04 +0000 2018,23,-0.2144,0.073,0.81,0.116,"The illegal wildlife trade is worth £18bn per year, but @wildliferescue are working to turn it around.… https://t.co/fe3MDr2TN9"
23,@BBC,Fri Mar 30 15:25:47 +0000 2018,24,0.8715,0.377,0.623,0.0,"RT @bbceurovision: ?? Presenting our 2018 dream team! @Grahnort hosts the Grand Final on @BBCOne. Fresh from You Decide, we welcome @Rylan!…"
24,@BBC,Fri Mar 30 15:10:56 +0000 2018,25,0.0,0.0,1.0,0.0,RT @BBCNews: Heartbeat actor Bill Maynard dies at 89 https://t.co/BMeMLwjPpV
25,@BBC,Fri Mar 30 14:54:01 +0000 2018,26,0.2023,0.073,0.927,0.0,We use an estimated 8.5b plastic straws every year in the UK and they're among the top 10 items found in beach clea… https://t.co/K9r6HRVu3V
26,@BBC,Fri Mar 30 13:05:00 +0000 2018,27,0.5859,0.241,0.759,0.0,Graphic artist Gabriella Marcella uses a vintage #Risograph printer to produce amazing designs. https://t.co/W9JK5vLbSf
27,@BBC,Fri Mar 30 12:04:01 +0000 2018,28,0.4019,0.124,0.876,0.0,"Meena was raised to be a ‘good Indian girl' - to cook, clean and find a husband.

But as an environmental activist… https://t.co/HWMRk97Wdm"
28,@BBC,Fri Mar 30 10:39:54 +0000 2018,29,0.4574,0.213,0.697,0.09,RT @BBC6Music: Elementary! Martin Freeman and @ACIDJAZZRECS' @eddiepiller delve into their record bag(gins) to share some choice cuts as th…
29,@BBC,Fri Mar 30 10:33:02 +0000 2018,30,0.0,0.0,1.0,0.0,????? A video of a 'smoking' wild elephant in India is baffling scientists and wildlife experts around the world. https://t.co/CENdAQYy5v
30,@BBC,Fri Mar 30 10:03:04 +0000 2018,31,0.25,0.091,0.909,0.0,"Advertisers are the experts at persuading us to eat burgers, crisps and fizzy drinks. But could they convince us to… https://t.co/JpuBKADOMB"
31,@BBC,Fri Mar 30 09:06:02 +0000 2018,32,0.0,0.0,1.0,0.0,It's been described as a 'game changer' for Multiple Sclerosis patients - scientists say a stem cell transplant can… https://t.co/Ru1R67FHig
32,@BBC,Fri Mar 30 08:27:05 +0000 2018,33,0.0,0.0,1.0,0.0,"? A squeeze of pineapple juice works wonders for dough...

? Here are 10 things you knead to know about bread! 

?… https://t.co/ajVBvN31mi"
33,@BBC,Fri Mar 30 07:30:02 +0000 2018,34,0.0258,0.126,0.751,0.123,"?? This poor elephant has his foot caught on a deadly snare. 
Can the team save him before its too late?… https://t.co/7pbk2WA7hW"
34,@BBC,Thu Mar 29 20:41:00 +0000 2018,35,-0.296,0.0,0.901,0.099,"At a time when men thought women shouldn't speak until they were spoken to, this female artist refused to be silent… https://t.co/mbaGBW4xMj"
35,@BBC,Thu Mar 29 18:45:08 +0000 2018,36,0.0,0.0,1.0,0.0,"RT @BBCBreakfast: Counting down the hours until you go home for Easter?
??? Here's your Easter weekend forecast: https://t.co/EXeBCHutS4"
36,@BBC,Thu Mar 29 18:44:20 +0000 2018,37,0.0,0.0,1.0,0.0,RT @bbcrb: Retirement's looking rosy for Hank the police horse! ?? https://t.co/xB9kXZeWNE
37,@BBC,Thu Mar 29 18:44:11 +0000 2018,38,0.0,0.0,1.0,0.0,"RT @BBCNewsbeat: Anthony Joshua faces Joseph Parker in Cardiff on Saturday.
And he's eating a LOT to prepare... ? ? https://t.co/qp6xw04IiC"
38,@BBC,Thu Mar 29 18:43:51 +0000 2018,39,0.0,0.0,1.0,0.0,RT @BBCOne: Anyone else having a 'chilled one'? ? https://t.co/WRBeDdaK18
39,@BBC,Thu Mar 29 18:05:02 +0000 2018,40,0.4522,0.194,0.697,0.109,"?? 'That was it I just totally fell in love with art.'

? How grime changed Ade Adesina's life. https://t.co/eDyh75YBvl"
40,@BBC,Thu Mar 29 17:04:05 +0000 2018,41,0.0,0.0,1.0,0.0,"? Wanna get the kids cooking this #EasterWeekend? 
Here are 10 recipes to keep them busy in the kitchen.
?… https://t.co/5xxQNyyRMg"
41,@BBC,Thu Mar 29 16:12:19 +0000 2018,42,0.784,0.288,0.712,0.0,RT @BBCTaster: We've just released a host of amazing new artefacts for the #CivilisationsAR app! Discover history's treasures wherever you…
42,@BBC,Thu Mar 29 16:03:03 +0000 2018,43,-0.3164,0.0,0.466,0.534,? Plastic protest! https://t.co/9m59wayYH8
43,@BBC,Thu Mar 29 15:41:25 +0000 2018,44,0.0,0.0,1.0,0.0,"RT @bbcarts: This Picture Wall in Lahore, Pakistan stretches for over 450 metres and is full of mesmerising mosaics https://t.co/ZFhuF7PiQP"
44,@BBC,Thu Mar 29 15:31:22 +0000 2018,45,0.0,0.0,1.0,0.0,RT @bbcwritersroom: #OrdealByInnocence begins on @BBCOne on Easter Sunday 1st April at 9pm and @BBCiPlayer. #Screenwriter @PhelpsieSarah ex…
45,@BBC,Thu Mar 29 15:26:27 +0000 2018,46,0.0,0.0,1.0,0.0,"RT @bbcideas: Author Lionel Shriver says we project ourselves on to our possessions – and that she is her toy donkey, Clippety ?.

We'd lik…"
46,@BBC,Thu Mar 29 15:24:08 +0000 2018,47,0.0,0.0,1.0,0.0,RT @BBCTwo: Imagine living in this incredible Swiss chalet! ??? #TheWorldsMostExtraordinaryHomes https://t.co/NofijuERJg
47,@BBC,Thu Mar 29 15:04:02 +0000 2018,48,0.0,0.0,1.0,0.0,"? So, who's going out tonight? https://t.co/u2L4sEKjE2"
48,@BBC,Thu Mar 29 14:21:11 +0000 2018,49,0.0,0.0,1.0,0.0,"?? Why it's never too late to learn an instrument. 
? https://t.co/lbBppX8XlO

#PianoDay https://t.co/x1CegC7iho"
49,@BBC,Thu Mar 29 14:07:48 +0000 2018,50,0.0,0.0,1.0,0.0,RT @bbcpress: Everyone's favourite fox reads out #MeanTweets (if he can get the right app open). For more @RealBasilBrush watch #Generation…
50,@BBC,Thu Mar 29 12:31:03 +0000 2018,51,0.8268,0.299,0.701,0.0,"Happy birthday to Alfred and Robert! ? ? Britain's two oldest men, born on the same day, have been celebrating turn… https://t.co/R7GXbEXl3v"
51,@BBC,Thu Mar 29 11:00:21 +0000 2018,52,-0.6249,0.124,0.581,0.295,"This bizarrely cute creature is just the latest species to suffer a social media selfie ban. 
?… https://t.co/bG9qcXtouW"
52,@BBC,Thu Mar 29 10:18:02 +0000 2018,53,0.6908,0.231,0.769,0.0,"RT @BBCRadio2: Today we say farewell to the brilliant @RealLynnBowles. ?
Her sharp wit, warm tones, and encyclopaedic knowledge of the UK's…"
53,@BBC,Thu Mar 29 08:00:12 +0000 2018,54,0.784,0.345,0.655,0.0,??? Biscuit the robotic pup is helping the elderly cope with conditions like dementia. What a good boy! https://t.co/5vpg6KS031
54,@BBC,Thu Mar 29 07:27:07 +0000 2018,55,0.0,0.0,1.0,0.0,?? The world famous cherry blossoms of Japan bring hundreds of thousands of visitors to see them and this year they… https://t.co/kGMsyZnWzi
55,@BBC,Thu Mar 29 07:00:10 +0000 2018,56,0.0,0.0,1.0,0.0,"What do you get if you cross a polar bear and a grizzly? 

??… A pizzly! 
#DavidAttenboroughsNaturalCuriosities https://t.co/FwqiMiTd2m"
56,@BBC,Wed Mar 28 18:00:05 +0000 2018,57,0.0,0.0,1.0,0.0,?? This 800-year-old hotel in Ireland is simply incredible.  #AmazingHotels https://t.co/OAKKCsexPW
57,@BBC,Wed Mar 28 17:00:12 +0000 2018,58,0.296,0.109,0.891,0.0,"? 'Words do not live in dictionaries. They live in the mind.'

Hear the only surviving recording of #VirginiaWoolf,… https://t.co/Puwg8Mve7N"
58,@BBC,Wed Mar 28 16:30:00 +0000 2018,59,-0.8225,0.0,0.688,0.312,The government rates the global outbreak of a deadly flu virus as a major threat to the UK. But how are flu vaccine… https://t.co/wzMylfDBrP
59,@BBC,Wed Mar 28 16:00:10 +0000 2018,60,0.0,0.0,1.0,0.0,Slacking off in Dubai. https://t.co/a3oSKIxfSK
60,@BBC,Wed Mar 28 15:35:27 +0000 2018,61,0.7506,0.28,0.72,0.0,RT @BBCTheOneShow: The fantastic @george_ezra warming up with a quick cuppa after sound check. Join us at 7pm where he’ll be performing liv…
61,@BBC,Wed Mar 28 13:32:04 +0000 2018,62,0.0,0.0,1.0,0.0,"Two-thirds of drivers say they are ""regularly dazzled"" by oncoming headlights. ? https://t.co/gwSgpsP6xx https://t.co/i9m9ph8QM1"
62,@BBC,Wed Mar 28 12:26:01 +0000 2018,63,-0.3182,0.0,0.887,0.113,"The Masked Plumber is back. 
And this time, he wants to show you how to unblock a sink trap. https://t.co/t1NIgRpZnO"
63,@BBC,Wed Mar 28 11:50:54 +0000 2018,64,0.0,0.0,1.0,0.0,RT @bbceurovision: We are starting a #Eurovision 2018 group chat. The tea from when @surieofficial met @saaraaalto ? https://t.co/c3PuiYT6S…
64,@BBC,Wed Mar 28 11:49:07 +0000 2018,65,0.0,0.0,1.0,0.0,"RT @BBCR1: ""Last night I did have a very, very large bra, and it was very, very sweaty.""

@JaredLeto lets @Grimmers know about what gets th…"
65,@BBC,Wed Mar 28 11:47:35 +0000 2018,66,0.0,0.0,1.0,0.0,"RT @BBCRadio4: Listen to the first three episodes of The Hitchhiker's Guide to the Galaxy: Hexagonal Phase now.

https://t.co/GdvQZf3ijv

#…"
66,@BBC,Wed Mar 28 11:47:08 +0000 2018,67,-0.34,0.0,0.902,0.098,"RT @bbcworldservice: Do you say fireman or firefighter? The woman in charge of the London Fire Brigade, Dany Cotton, says 'fireman' is sexi…"
67,@BBC,Wed Mar 28 11:45:32 +0000 2018,68,0.0,0.0,1.0,0.0,RT @BBCBreakfast: Take a look at this if you're wondering WHO PAYS for running the new plastic bottle and can deposit scheme: https://t.co/…
68,@BBC,Wed Mar 28 11:42:34 +0000 2018,69,0.0,0.0,1.0,0.0,RT @BBCNewsround: Some advice from children on what NOT to say to people with an #invisiblecondition https://t.co/mGUj3TWB2J #Dynamo https:…
69,@BBC,Wed Mar 28 11:30:09 +0000 2018,70,0.3182,0.108,0.837,0.056,??? People in England will soon have to pay a deposit when they buy drinks bottles and cans in a bid to boost recyc… https://t.co/qyKBqES5b3
70,@BBC,Wed Mar 28 11:04:03 +0000 2018,71,0.0,0.0,1.0,0.0,"? Scientists in Australia have discovered the remains of a mummy in a 2,500-year-old coffin that was previously cla… https://t.co/2S4q2mDImu"
71,@BBC,Wed Mar 28 10:53:47 +0000 2018,72,0.0,0.0,1.0,0.0,"RT @bbcthree: In our latest doc, we investigate allegations that R Kelly has been training a 14-year-old girl to be one his sex ""pets"" http…"
72,@BBC,Wed Mar 28 10:33:03 +0000 2018,73,-0.3612,0.0,0.865,0.135,Tickling sticks have been placed on statues in Liverpool ahead of Sir Ken Dodd's funeral. https://t.co/pPGGg07ZQi https://t.co/LSwzv5Qipw
73,@BBC,Wed Mar 28 09:53:41 +0000 2018,74,0.0,0.0,1.0,0.0,?? Are your bathroom toys in-fact DEADLY? ? https://t.co/YrtMOzTvrb
74,@BBC,Wed Mar 28 09:14:19 +0000 2018,75,0.0,0.0,1.0,0.0,"RT @bbcarts: Andrew Scott, as Hamlet, performs the opening lines of #Shakespeare's most famous soliloquy. Watch the full production at 9pm,…"
75,@BBC,Wed Mar 28 08:00:02 +0000 2018,76,-0.7351,0.0,0.744,0.256,"?? After seeing her brother's struggles with depression, Luli's on a mission to break the stigma in the black commu… https://t.co/kl1ak4Gu6w"
76,@BBC,Wed Mar 28 07:30:05 +0000 2018,77,-0.25,0.115,0.692,0.192,"? Feeling moody? 
Your gut bacteria might be to blame...
? https://t.co/2oPWKjf4D2 https://t.co/Xr5MwczfGR"
77,@BBC,Wed Mar 28 07:00:02 +0000 2018,78,-0.4588,0.0,0.824,0.176,"'I made a decision to not be unbelievably busy.'

@Meshel_Laurie on beating busyness with Buddhism. https://t.co/7ynSgadRyq"
78,@BBC,Tue Mar 27 18:30:07 +0000 2018,79,0.0,0.0,1.0,0.0,"When mother Marie mysteriously leaves the family home, the repercussions are enormous.

#ComeHome | 9pm | @BBCOne |… https://t.co/S4JgnzQlAx"
79,@BBC,Tue Mar 27 18:00:08 +0000 2018,80,0.2942,0.128,0.872,0.0,"??? Even if you don't speak German, this is worth watching until the end! 
#LiveAtTheApollo https://t.co/J3l8oToRbk"
80,@BBC,Tue Mar 27 17:00:07 +0000 2018,81,0.0,0.0,1.0,0.0,"? We've got oodles of noodles with recipes for pad Thai, chow mein, ramen, pho and stir-fries.
?… https://t.co/JWfrcIhn2X"
81,@BBC,Tue Mar 27 16:00:15 +0000 2018,82,0.0,0.0,1.0,0.0,? What does Facebook know about you? https://t.co/lG4ffeCG09
82,@BBC,Tue Mar 27 15:40:40 +0000 2018,83,0.6114,0.25,0.75,0.0,RT @BBCTwo: Happy #WorldTheatreDay! *leaves this here and runs away* @SaraPascoe ?? https://t.co/3XlEb5gr15
83,@BBC,Tue Mar 27 15:38:26 +0000 2018,84,0.0,0.0,1.0,0.0,"RT @BBCScotland: Meet the master of the radiator harp

@DaftLimmy returns to BBC Scotland on Thursday 5 April. https://t.co/G7mjFEJx6k"
84,@BBC,Tue Mar 27 15:36:22 +0000 2018,85,-0.3064,0.0,0.866,0.134,RT @bbcthree: 12-year-old Keilan has very severe curvature of the spine. He needs surgery ASAP but the 5 hour operation could leave him par…
85,@BBC,Tue Mar 27 15:33:24 +0000 2018,86,0.0,0.0,1.0,0.0,"RT @bbccomedy: Cathy, master of shade. #Mum https://t.co/VjC2ttkaNF"
86,@BBC,Tue Mar 27 15:26:23 +0000 2018,87,0.0,0.0,1.0,0.0,"RT @BBCR1: (•_•)
&lt;)   )?who
 /    \ 

  (•_•)
 \(   (&gt; bit
  /    \

 (•_•)
&lt;)   )?Beyoncé? 
 /    \ 

https://t.co/7hQd9mcKUY"
87,@BBC,Tue Mar 27 14:30:37 +0000 2018,88,-0.5994,0.0,0.86,0.14,"RT @BBCWorld: It's 50 years since the death of Yuri Gagarin, the Russian cosmonaut who was the first man to travel into space ??? https://t…"
88,@BBC,Tue Mar 27 13:33:01 +0000 2018,89,0.0,0.0,1.0,0.0,?? The first polar bear cub to be born in the UK for 25 years has been filmed adapting to its surroundings. https://t.co/EsxbH18cN5
89,@BBC,Tue Mar 27 12:00:08 +0000 2018,90,0.0,0.0,1.0,0.0,The ancient Greeks thought a life of ‘constant leisure’ was the highest life you could live. https://t.co/sascCq8iks
90,@BBC,Tue Mar 27 11:05:06 +0000 2018,91,0.0,0.0,1.0,0.0,"There's over 50 classic cookery shows being served up on @BBCiPlayer this #EasterWeekend. 
? https://t.co/CKECZMGmx8 https://t.co/j3RfAYQvTI"
91,@BBC,Tue Mar 27 11:00:06 +0000 2018,92,0.25,0.125,0.875,0.0,"? @MargotRobbie is planning a new TV series, which will give Shakespeare plays a 'female perspective'.
?… https://t.co/pTLXfve0ds"
92,@BBC,Tue Mar 27 09:52:08 +0000 2018,93,0.0,0.0,1.0,0.0,"?? 'Mad' Mike Hughes flew his home-made rocket to try and 'prove' the earth is flat. 

? SPOILER: it's not.  https://t.co/f5oNRItwyq"
93,@BBC,Tue Mar 27 09:40:22 +0000 2018,94,0.0,0.0,1.0,0.0,"RT @BBCTwo: Now we've got our country back... what actually is it? ?

#CunkOnBritain starts Tuesday 3 April, 10pm, @BBCTwo. @missdianemorga…"
94,@BBC,Tue Mar 27 09:39:23 +0000 2018,95,0.4019,0.124,0.876,0.0,RT @BBCBreakfast: A team of abseilers have been roped in to give Cheddar Gorge in Somerset an extreme spring clean. https://t.co/iYmkiizeRi
95,@BBC,Tue Mar 27 09:38:59 +0000 2018,96,0.0,0.0,1.0,0.0,"RT @BBCR1: We can't get enough of @george_ezra's Live Lounge ?

Watch him perform 'Paradise' and cover 'These Days' right here ?https://t.c…"
96,@BBC,Tue Mar 27 09:36:48 +0000 2018,97,0.5994,0.157,0.843,0.0,"RT @bbcgetinspired: Check out @JesseLingard and some of his @PremierLeague mates showing us their super moves. ?? 

Show us yours with #sup…"
97,@BBC,Tue Mar 27 08:00:04 +0000 2018,98,0.0,0.0,1.0,0.0,"When this woman visited an uninhabited Caribbean island, the last thing she expected was to find it covered in plas… https://t.co/cpKW9tl61v"
98,@BBC,Tue Mar 27 07:30:04 +0000 2018,99,0.0,0.0,1.0,0.0,"About 700,000 people in the UK are on the autism spectrum, with five times as many males as females being diagnosed… https://t.co/PXJMuG76Tn"
99,@BBC,Tue Mar 27 07:00:08 +0000 2018,100,-0.4588,0.049,0.827,0.124,"The number of children living in relative poverty in the UK has risen to 4.1m. 

This is the story of Tyler, one of… https://t.co/xFtEAjBTXC"
100,@CBS,Sat Mar 31 15:30:00 +0000 2018,1,0.4199,0.113,0.887,0.0,Give it up for @KelseaBallerini! This star is one of the Female Vocalist Of The Year nominees and she's ready to ta… https://t.co/wLyHwkEGs2
101,@CBS,Fri Mar 30 16:50:00 +0000 2018,2,0.4926,0.127,0.873,0.0,Take and post a photo of the woman in your life who inspires you! The photo should only have one person against a n… https://t.co/BHdxXlWfKP
102,@CBS,Thu Mar 29 17:32:40 +0000 2018,3,0.0,0.0,1.0,0.0,"Expect epic performances by @kanebrown , @kelly_clarkson, @OfficialJackson, and more at this year's 53rd #ACMawards… https://t.co/3yso7Z0cjv"
103,@CBS,Thu Mar 29 17:30:02 +0000 2018,4,0.0,0.0,1.0,0.0,"Will @HIGHVALLEY, @LancoMusic, @LOCASHmusic, @MidlandOfficial, or @runawayjune be named New Vocal Duo Or Group Of T… https://t.co/v0QIPLC47R"
104,@CBS,Tue Mar 27 21:00:01 +0000 2018,5,0.3818,0.212,0.68,0.108,Count on Entertainer Of The Year nominee @LukeBryanOnline to crash the party with an epic performance at the 53rd… https://t.co/27ua60HTqu
105,@CBS,Tue Mar 27 17:00:00 +0000 2018,6,0.296,0.099,0.901,0.0,Join @eltonofficial and some of today's hottest names in music when they take the stage to perform his most memorab… https://t.co/jz0jaShZIj
106,@CBS,Mon Mar 26 22:14:25 +0000 2018,7,0.508,0.12,0.88,0.0,"RT @ACMawards: The ACM for New Vocal Group of the Year goes to @MidlandOfficial! And yes, that really was @Reba on the phone! #ACMawards ht…"
107,@CBS,Mon Mar 26 20:42:48 +0000 2018,8,0.0,0.0,1.0,0.0,"RT @ACMawards: In case you didn’t know, the ACM for New Male Vocalist of the Year goes to @BrettYoungMusic. Check out his reaction when @Re…"
108,@CBS,Mon Mar 26 16:59:19 +0000 2018,9,0.7959,0.214,0.786,0.0,RT @ACMawards: Over the weekend @Reba called the ACM New Artist of the Year winners to let them know they had won! Let’s just say our New F…
109,@CBS,Mon Mar 26 16:05:18 +0000 2018,10,0.807,0.378,0.622,0.0,"Congratulations to the 53rd #ACMawards New Artist winners @Lauren_Alaina, @MidlandOfficial, and @BrettYoungMusic! W… https://t.co/Fr8H4arwGj"
110,@CBS,Sun Mar 25 23:57:34 +0000 2018,11,0.0,0.0,1.0,0.0,New start times in East/Central Time Zones #60Minutes 7:35ET/6:35CT #Instinct  8:35ET/7:35CT #NCISLA 9:35ET/8:35CT… https://t.co/8W5hAeLrvs
111,@CBS,Sun Mar 25 17:15:25 +0000 2018,12,0.5319,0.157,0.78,0.062,Don’t miss a minute of the action. Stream the Elite Eight® games LIVE today starting at 2PM ET with a FREE trial of… https://t.co/8NwU8HdiHR
112,@CBS,Sat Mar 24 22:46:53 +0000 2018,13,0.5399,0.199,0.801,0.0,RT @MomCBS: That's a wrap on the #Mom panel at #PaleyFest! Thanks for following along! https://t.co/we4JgqPt6P
113,@CBS,Sat Mar 24 22:46:43 +0000 2018,14,-0.34,0.115,0.7,0.185,RT @MomCBS: A fan just commented that #Mom helped bring him out of a deep depression. ??? #PaleyFest
114,@CBS,Sat Mar 24 22:25:03 +0000 2018,15,0.7003,0.209,0.791,0.0,"RT @MomCBS: ""Go out for it anyway. If you're good for the role, you're good for the role."" @theJaimePressly's advice for aspiring actors wi…"
115,@CBS,Sat Mar 24 22:21:37 +0000 2018,16,0.0,0.0,1.0,0.0,RT @MomCBS: Mom Co-Creator @GemmaRBaker just pointed out her own #Mom in the audience at #PaleyFest! ?
116,@CBS,Sat Mar 24 22:21:34 +0000 2018,17,0.0,0.0,1.0,0.0,"RT @MomCBS: ""I'm not someone in recovery who goes to AA, but I have taken so much away from it...to take one day at a time."" - @theJaimePre…"
117,@CBS,Sat Mar 24 22:21:26 +0000 2018,18,0.7184,0.333,0.667,0.0,"RT @MomCBS: ""You get to appreciate working with such talented people."" - @AnnaKFaris #Mom #PaleyFest"
118,@CBS,Sat Mar 24 22:21:23 +0000 2018,19,0.9451,0.42,0.58,0.0,RT @MomCBS: “I love this job. I love working with these women. I love working in front of the live audience… It’s alive and it’s fun.” - @A…
119,@CBS,Sat Mar 24 20:00:02 +0000 2018,20,0.0,0.0,1.0,0.0,"Get on your feet for @Jason_Aldean, @ThomasRhett, @ChrisStapleton, @KeithUrban, and @ChrisYoungMusic, the five nomi… https://t.co/oT5ogjdj4x"
120,@CBS,Fri Mar 23 22:33:52 +0000 2018,21,0.6996,0.194,0.806,0.0,Get ready for some sweet games! Stream #5 Clemson vs #1 Kansas LIVE at 7PM ET and #11 Syracuse vs #2 Duke LIVE at 9… https://t.co/4WstgrKNnW
121,@CBS,Fri Mar 23 22:33:04 +0000 2018,22,0.4939,0.314,0.686,0.0,RT @SEALTeamCBS: In honor of #NationalPuppyDay... ? #SEALTeam https://t.co/4mIZPpiRlU
122,@CBS,Fri Mar 23 22:32:48 +0000 2018,23,0.8997,0.355,0.645,0.0,"RT @HawaiiFive0CBS: Nothing like a man and his dog! ?? Happy #NationalPuppyDay to Eddie, the best pup on the Five-0 Task Force! #H50 https:…"
123,@CBS,Thu Mar 22 22:10:29 +0000 2018,24,0.0,0.0,1.0,0.0,Game on! 16 teams left and the race to the finish continues tonight. Stream #11 Loyola-Chicago vs #7 Nevada LIVE at… https://t.co/W374rmzzoC
124,@CBS,Thu Mar 22 20:52:02 +0000 2018,25,0.7081,0.311,0.623,0.066,Save the date! These are season finales you do NOT want to miss. RT if you're excited! https://t.co/UUQoWsPPSh https://t.co/cDl4WmxMtU
125,@CBS,Thu Mar 22 00:23:38 +0000 2018,26,0.636,0.198,0.802,0.0,Congratulations to all of the @CBSDaytime nominees for the #DaytimeEmmys! See the full list of #DaytimeEmmy nominee… https://t.co/ivJVJWvfsf
126,@CBS,Wed Mar 21 18:00:01 +0000 2018,27,0.0,0.0,1.0,0.0,Female Vocalist Of The Year nominee @MarenMorris will show her fans how it’s done when she takes the stage to showc… https://t.co/PITjmAoFT8
127,@CBS,Tue Mar 20 20:00:01 +0000 2018,28,0.5106,0.142,0.858,0.0,The legendary @Reba returns to host the 53rd #ACMawards and she’s proving just how comfortable she is behind the mi… https://t.co/XPXcSPRXqC
128,@CBS,Tue Mar 20 17:58:43 +0000 2018,29,0.0,0.0,1.0,0.0,RT @nancyodell: Told my daughter I'd be presenting at @ACMawards again this year. (Woot woot!We both luv country music!)She took this pic o…
129,@CBS,Tue Mar 20 16:52:42 +0000 2018,30,0.5562,0.174,0.826,0.0,RT @ladyantebellum: Ecstatic to announce we'll be performing at the #ACMawards in Las Vegas again this year! https://t.co/Qfhs94j6FR
130,@CBS,Tue Mar 20 16:11:00 +0000 2018,31,0.0,0.0,1.0,0.0,"Country superstars @kennychesney, @ladyantebellum, @blakeshelton, and @KeithUrban have just been added to the stell… https://t.co/bJ4If7MacP"
131,@CBS,Mon Mar 19 21:02:26 +0000 2018,32,0.7845,0.309,0.619,0.072,"RT @YandR_CBS: Forever evolving, Forever inspiring, Forever Young and Restless. ?? Get ready to celebrate 45 years of #YR starting in just…"
132,@CBS,Sun Mar 18 23:44:30 +0000 2018,33,0.0,0.0,1.0,0.0,New start times in East/Central Time Zones: #60Minutes 7:37ET/6:37CT #Instinct series premiere 8:37ET/7:37CT… https://t.co/xT3YKqmu2M
133,@CBS,Sun Mar 18 18:05:43 +0000 2018,34,0.6514,0.213,0.787,0.0,Spend your Sunday streaming Second Round games LIVE with a FREE trial of CBS All Access! https://t.co/3P85rXLy4b https://t.co/zbWfirD9Ju
134,@CBS,Sun Mar 18 17:09:53 +0000 2018,35,0.1867,0.08,0.92,0.0,"RT @instinctcbs: TONIGHT, Dr. Dylan Reinhart rewrites the book on abnormal behavior. Don't miss the premiere of #Instinct at 8/7c! https://…"
135,@CBS,Sat Mar 17 19:00:02 +0000 2018,36,0.0,0.0,1.0,0.0,"If any duo knows how to rock the stage, it's @FLAGALine. The Vocal Duo Of The Year nominee will perform live at the… https://t.co/FknabB8NQp"
136,@CBS,Sat Mar 17 17:42:43 +0000 2018,37,0.6166,0.161,0.839,0.0,How is your bracket looking after last night? Stream Second Round games LIVE today with a FREE trial of CBS All Acc… https://t.co/25JlIpgwog
137,@CBS,Sat Mar 17 14:00:03 +0000 2018,38,0.7096,0.247,0.753,0.0,Where better to spend #StPatricksDay than the place everybody knows your name? It’s just your luck that every singl… https://t.co/Fom5wmdENL
138,@CBS,Fri Mar 16 22:53:21 +0000 2018,39,0.296,0.104,0.896,0.0,Stars @JakeMcDorman and Nik Dodani will join the cast in the upcoming revival of Murphy Brown coming to CBS.… https://t.co/JCAx29lo0i
139,@CBS,Fri Mar 16 18:15:53 +0000 2018,40,0.0,0.0,1.0,0.0,"RT @thegoodfight: Go behind the scenes with costume designer @DanLawsonStyle in ""Behind The Style,"" a new weekly video series all about the…"
140,@CBS,Fri Mar 16 16:28:40 +0000 2018,41,0.6514,0.178,0.822,0.0,The games have just begun! Continue to stream First Round games LIVE today with a FREE trial of CBS All Access:… https://t.co/YTGsJ48zYP
141,@CBS,Thu Mar 15 17:54:06 +0000 2018,42,0.7088,0.237,0.763,0.0,"RT @TheTalkCBS: You asked, we answered! The fun never ends when the ladies #KeepTalking and answer your fan questions ???? https://t.co/ie1…"
142,@CBS,Thu Mar 15 17:20:26 +0000 2018,43,-0.4939,0.077,0.766,0.157,RT @instinctcbs: Dr. Dylan Reinhart is lured back into the field from his life of quiet academia when a certain serial killer makes things…
143,@CBS,Thu Mar 15 16:42:41 +0000 2018,44,0.6514,0.194,0.806,0.0,Stream First Round games LIVE today starting at 12PM ET with a FREE trial of CBS All Access! https://t.co/3P85rXLy4b https://t.co/vZow3YD8cb
144,@CBS,Thu Mar 15 14:32:16 +0000 2018,45,0.6115,0.266,0.734,0.0,RT @CBSSports: It's the most wonderful time of the year. #MarchMadness https://t.co/e4c9qohqSR
145,@CBS,Wed Mar 14 19:30:01 +0000 2018,46,0.6696,0.219,0.781,0.0,"Give these ladies some love! @Lauren_Alaina, @DBradbery, @carlypearce, and @RaeLynn are nominated for New Female Vo… https://t.co/IVhwURfJ3S"
146,@CBS,Tue Mar 13 18:48:52 +0000 2018,47,0.3612,0.143,0.857,0.0,"RT @ManWithAPlan: Hungry for more #ManWithAPlan bloopers and behind-the-scenes videos featuring cast like @matt_leblanc, @thelizasnyder, @k…"
147,@CBS,Tue Mar 13 14:15:10 +0000 2018,48,0.539,0.179,0.821,0.0,"Music stars @MileyCyrus, @edsheeran, @ladygaga, and more will honor the legendary @eltonofficial and his hit songs… https://t.co/UzxARCCLnI"
148,@CBS,Mon Mar 12 18:13:28 +0000 2018,49,0.2244,0.083,0.917,0.0,RT @thegoodfight: The verdict is in. The new season of #TheGoodFight is ???! Stream it now on CBS All Access: https://t.co/FkYSNSXlRb https…
149,@CBS,Mon Mar 12 01:20:43 +0000 2018,50,0.0,0.0,1.0,0.0,"RT @MadamSecretary: In less than an hour, #MadamSecretary's Keith Carradine will be taking over the @MadamSecretary Twitter page! Tweet alo…"
150,@CBS,Fri Mar 09 22:48:26 +0000 2018,51,0.4926,0.117,0.883,0.0,RT @DierksBentley: Take and post a photo of the woman in your life who inspires you daily! Use the hashtag #WomanAmenACM in your post for a…
151,@CBS,Fri Mar 09 22:24:20 +0000 2018,52,0.1275,0.113,0.795,0.092,"RT @MomCBS: If you missed guest star @KChenoweth in the latest episode of #Mom, not to worry! Watch now: https://t.co/RlvXoGOZ0l https://t.…"
152,@CBS,Fri Mar 09 21:10:21 +0000 2018,53,0.4215,0.177,0.823,0.0,"Give a round of applause to @KelseaBallerini, @MirandaLambert, @Reba, @MarenMorris, and @CarrieUnderwood, the five… https://t.co/Ncp1BTXx6N"
153,@CBS,Fri Mar 09 18:27:28 +0000 2018,54,0.8658,0.447,0.553,0.0,"RT @thegoodfight: Smart, sexy, and sophisticated. See what's coming this season on #TheGoodFight. https://t.co/CuKhx2G50P https://t.co/ygTI…"
154,@CBS,Fri Mar 09 16:02:27 +0000 2018,55,0.0,0.0,1.0,0.0,RT @BlueBloods_CBS: Even stand-up guys fall down sometimes. #BlueBloods is new tonight at 10/9c! https://t.co/UOlDm22wWW
155,@CBS,Thu Mar 08 18:00:49 +0000 2018,56,0.8625,0.336,0.664,0.0,Today and every day we celebrate the women in our lives who empower and inspire us. Share a story about an influent… https://t.co/9rVtqrElvT
156,@CBS,Thu Mar 08 17:03:04 +0000 2018,57,0.4926,0.132,0.868,0.0,Take and post a photo of the woman in your life who inspires you daily! Use the hashtag #WomanAmenACM in your post… https://t.co/7ShhvE48zy
157,@CBS,Wed Mar 07 18:39:10 +0000 2018,58,-0.2023,0.15,0.619,0.23,"RT @thegoodfight: Meticulously constructed. Soapy &amp; sexy. Intoxicating, savage television. ? Here's what critics are saying about #TheGoodF…"
158,@CBS,Wed Mar 07 17:06:02 +0000 2018,59,0.0,0.0,1.0,0.0,"This just in! @Jason_Aldean, @mirandalambert, @LukeBryanOnline, and many more are set to perform at the 53rd Academ… https://t.co/mfxw2VxzU4"
159,@CBS,Tue Mar 06 18:10:59 +0000 2018,60,0.6705,0.244,0.756,0.0,"Meet the ensemble of talented actors slated to join $1, a new mystery series coming to CBS All Access:… https://t.co/QoyYv7vxwg"
160,@CBS,Mon Mar 05 22:16:43 +0000 2018,61,0.3818,0.167,0.833,0.0,"Will @Jason_Aldean, @garthbrooks, @LukeBryanOnline, @ChrisStapleton, or @KeithUrban be named Entertainer Of The Yea… https://t.co/rMD8zjeX3s"
161,@CBS,Sun Mar 04 08:05:26 +0000 2018,62,0.4404,0.116,0.884,0.0,"RT @thegoodfight: It feels good to be back. ??? The season 2 premiere of #TheGoodFight is now streaming, exclusively on CBS All Access: htt…"
162,@CBS,Sat Mar 03 20:55:20 +0000 2018,63,0.0,0.0,1.0,0.0,"RT @thegoodfight: Tomorrow, #TheGoodFight is back. Stream the season 2 premiere only on CBS All Access: https://t.co/tNFR8LBJO2 https://t.c…"
163,@CBS,Fri Mar 02 22:30:01 +0000 2018,64,0.7096,0.247,0.753,0.0,"Who are the trailblazing women in your life that inspire you? Join CBS and the ANA's #SeeHer initiative, celebratin… https://t.co/M0KqZ41Bes"
164,@CBS,Fri Mar 02 20:30:01 +0000 2018,65,0.7096,0.282,0.718,0.0,"Join @maria_bello, @aishatyler and @TeaLeoni in celebrating the accomplishments of women who have contributed to th… https://t.co/MefESBeFL3"
165,@CBS,Fri Mar 02 18:45:00 +0000 2018,66,0.4939,0.151,0.849,0.0,"In honor of Women's History Month, CBS and the Association of National Advertisers' (ANA) #SeeHer initiative will p… https://t.co/2wtYxKJVuO"
166,@CBS,Thu Mar 01 18:59:01 +0000 2018,67,-0.6981,0.0,0.79,0.21,RT @ZoeListerJones: Tonight’s an all new Life In Pieces and it’s directed by my ride or die @nataliaanderson!!!… https://t.co/2LPfmyLWrY
167,@CBS,Thu Mar 01 18:12:57 +0000 2018,68,0.4547,0.159,0.749,0.092,"RT @MarenMorris: Hot damn! Woke up from my post-wisdom teeth haze to find out I’m up for 4 @ACMawards ! So honored, especially for the Dear…"
168,@CBS,Thu Mar 01 18:11:50 +0000 2018,69,0.8591,0.538,0.462,0.0,RT @KelseaBallerini: Ohhhhh goodness. Incredible. Thank you thank you thank you. #female https://t.co/1ZTYjNfQeF
169,@CBS,Thu Mar 01 18:10:50 +0000 2018,70,0.4885,0.234,0.615,0.151,RT @KeithUrban: ACMs...... HOLY SMOKES!!!!! MAD LOVE TO U ALL THIS MORNING  FOR THESE INCREDIBLE NOMINATIONS. I’M EXTREMELY GRATEFUL!!!!!!!…
170,@CBS,Thu Mar 01 14:36:21 +0000 2018,71,0.5994,0.178,0.822,0.0,"RT @ACMawards: Congratulations to this year’s #ACMawards Video of the Year nominees:
“Black” - @DierksBentley
“It Ain’t My Fault” - @Brothe…"
171,@CBS,Thu Mar 01 14:29:20 +0000 2018,72,0.7717,0.325,0.675,0.0,"RT @ACMawards: Please give a round of applause to this year’s #ACMawards Entertainer of the Year nominees: @Jason_Aldean, @GarthBrooks, @Lu…"
172,@CBS,Thu Mar 01 14:15:29 +0000 2018,73,0.6908,0.275,0.725,0.0,".@ChrisStapleton, @ThomasRhett, @mirandalambert and more are all nominated for awards at Country Music's Party of t… https://t.co/Vm1vXRUDYJ"
173,@CBS,Thu Mar 01 13:50:11 +0000 2018,74,0.0,0.0,1.0,0.0,"The Queen of Country, @Reba, is returning to host the 53rd #ACMawards on Sunday, April 15 at 8/7c. Here are a few o… https://t.co/Iqzz6Gql01"
174,@CBS,Thu Mar 01 01:04:52 +0000 2018,75,0.0,0.0,1.0,0.0,RT @survivorcbs: It’s time! #Survivor https://t.co/YPk6cGWrUA
175,@CBS,Wed Feb 28 19:56:58 +0000 2018,76,0.0,0.0,1.0,0.0,"RT @CBSThisMorning: TOMORROW: The nominees for the 2018 @ACMawards will be announced live by the one-and-only, @Reba! 

Watch on @CBS in ou…"
176,@CBS,Wed Feb 28 19:08:30 +0000 2018,77,0.4404,0.116,0.884,0.0,"RT @thegoodfight: From the set design and costumes to hair and makeup, the production quality is truly next-level. Take a peek inside the u…"
177,@CBS,Tue Feb 27 03:23:47 +0000 2018,78,0.5562,0.152,0.848,0.0,RT @LivinBiblically: The fun continues on Facebook! The #LivingBiblically cast is live to talk about tonight’s premiere. Tune in here: http…
178,@CBS,Mon Feb 26 22:50:32 +0000 2018,79,0.0,0.0,1.0,0.0,"RT @KevinCanWaitCBS: Can you get all the way through these #KevinCanWait bloopers without laughing?! @KevinJames,@LeahRemini and the rest o…"
179,@CBS,Mon Feb 26 21:08:30 +0000 2018,80,0.0,0.0,1.0,0.0,"RT @ACMawards: That’s right! @Reba is headed to @CBSThisMorning on Thursday, March 1 to announce this year’s #ACMAwards' nominees. Tune in…"
180,@CBS,Mon Feb 26 19:53:41 +0000 2018,81,0.4482,0.105,0.895,0.0,"RT @ScorpionCBS: You can't hack your way to a 197 IQ, but you are well on your way with these Genius Facts from #TeamScorpion! ? You can be…"
181,@CBS,Mon Feb 26 18:32:36 +0000 2018,82,0.784,0.266,0.734,0.0,RT @SuperiorDonuts: You can always count on @DavidKoechner for a laugh! Did your favorite Tush moment make the list? Catch a new #SuperiorD…
182,@CBS,Mon Feb 26 18:20:16 +0000 2018,83,0.9359,0.429,0.571,0.0,RT @TheTalkCBS: TODAY: We loved them together then &amp; we love seeing them together now! Welcome back to the show @THESaraGilbert?'s good fri…
183,@CBS,Mon Feb 26 16:53:56 +0000 2018,84,-0.5423,0.0,0.816,0.184,"RT @thegoodfight: As foundations begin to crumble, our characters struggle to make sense of this new dystopian world. The cast teases what'…"
184,@CBS,Mon Feb 26 16:52:01 +0000 2018,85,0.0,0.0,1.0,0.0,"#LivingBiblically's @linzkraft and @jrfergjr appeared on @KCBS's Facebook Live this morning, talking all about what… https://t.co/4RebcHuuMQ"
185,@CBS,Mon Feb 26 16:17:55 +0000 2018,86,0.0,0.0,1.0,0.0,"RT @CBSSports: Introducing CBS Sports HQ, a New 24/7 Direct-to-Consumer Streaming Network for Sports News, Highlights, &amp; Analysis.

Stream…"
186,@CBS,Mon Feb 26 01:12:32 +0000 2018,87,0.7644,0.231,0.769,0.0,"RT @CBSBigBrother: It’s down to the final 5 celebrity Houseguests, and anyone could take home the grand prize! Tune in NOW to watch the #BB…"
187,@CBS,Sun Feb 25 21:51:32 +0000 2018,88,0.0,0.0,1.0,0.0,RT @startrekcbs: Binge the entire first season of #StarTrekDiscovery. All episodes now streaming exclusively on CBS All Access: https://t.c…
188,@CBS,Sun Feb 25 21:51:22 +0000 2018,89,0.0,0.0,1.0,0.0,"RT @thegoodfight: #TheGoodFight returns in 1 week. Season 2 premieres Sunday, March 4. https://t.co/nomCao1GWp https://t.co/BOn6bOe9Tb"
189,@CBS,Fri Feb 23 18:15:40 +0000 2018,90,0.5093,0.155,0.845,0.0,RT @thegoodfight: This is our new favorite thing. Christine Baranski debuted #TheGoodFight the Musical on @colbertlateshow last night! ??…
190,@CBS,Thu Feb 22 19:26:52 +0000 2018,91,0.0,0.0,1.0,0.0,"RT @LivinBiblically: Confession time: have YOU ever hit the ""close door"" button in an elevator while somebody was approaching? The cast of…"
191,@CBS,Wed Feb 21 19:20:04 +0000 2018,92,0.0,0.0,1.0,0.0,RT @CBSEyeSpeak: Mark your calendars! #CBSEyeSpeak kicks off March 14 with The EYE Speak Summit. Follow our page for more details! https://…
192,@CBS,Wed Feb 21 18:19:25 +0000 2018,93,0.6808,0.248,0.752,0.0,"RT @CBSEyeSpeak: Proud to announce a new CBS initiative, promoting female empowerment and developing the next generation of leaders through…"
193,@CBS,Tue Feb 20 19:55:19 +0000 2018,94,0.4404,0.116,0.884,0.0,"RT @LivinBiblically: When you're living by the Bible, it's good to have a priest and a rabbi on call (provided they answer their phones, th…"
194,@CBS,Tue Feb 20 17:58:18 +0000 2018,95,-0.4019,0.0,0.881,0.119,"RT @thegoodfight: Chicago lawyers are being hunted and the world is going insane. 

The new season of #TheGoodFight premieres Sunday, March…"
195,@CBS,Tue Feb 20 17:39:51 +0000 2018,96,0.3612,0.128,0.872,0.0,Ready for some larger than life competition? This new series from @MarkBurnettTV will premiere in summer 2018.… https://t.co/gDXHLdIJ5v
196,@CBS,Sat Feb 17 01:07:20 +0000 2018,97,0.6124,0.227,0.773,0.0,"With tournament dreams on the line, make sure to stream these college basketball matchups on CBS All Access:… https://t.co/SGkYUZrQWB"
197,@CBS,Fri Feb 16 18:42:43 +0000 2018,98,0.3182,0.108,0.892,0.0,"RT @LivinBiblically: While Chip's sticking to the Bible's original rules, the cast of #LivingBiblically has given them a more modern makeov…"
198,@CBS,Fri Feb 16 17:48:20 +0000 2018,99,0.68,0.248,0.752,0.0,"Casting News! Peter Mark Kendall, Michael Gaston, Greg Wise, Rade Šerbedžija, Zack Pearlman, and Keye Chen join the… https://t.co/GFob2KrD8H"
199,@CBS,Wed Feb 14 19:23:27 +0000 2018,100,0.8619,0.466,0.534,0.0,RT @BullCBS: The verdict is in...#Bull is the perfect Valentine! ?? Happy #ValentinesDay! https://t.co/poEejI4AnC
200,@CNN,Sat Mar 31 16:15:04 +0000 2018,1,0.34,0.132,0.802,0.066,The now former United Nations undersecretary-general for political affairs warns that many of the leaders of UN mem… https://t.co/91ZJtxfsmh
201,@CNN,Sat Mar 31 16:00:19 +0000 2018,2,-0.5423,0.0,0.759,0.241,How five videos captured the fatal shooting of Alton Sterling https://t.co/7cgTivOcC2 https://t.co/1L7beRBree
202,@CNN,Sat Mar 31 15:46:54 +0000 2018,3,0.0,0.0,1.0,0.0,"""Clueless"" star and former Fox News commentator Stacey Dash is withdrawing her congressional bid. The actress and o… https://t.co/UOyZa2qvtf"
203,@CNN,Sat Mar 31 15:30:15 +0000 2018,4,-0.6597,0.0,0.671,0.329,Body camera shows officer threatened to shoot Alton Sterling within seconds https://t.co/g0tu4eBFor https://t.co/5hdQQ0rvOX
204,@CNN,Sat Mar 31 15:14:07 +0000 2018,5,-0.1779,0.0,0.922,0.078,"It took Baton Rouge police Officer Salamoni Blane less than 90 seconds to shoot Alton Sterling, but police took nea… https://t.co/O4m1DNVgLC"
205,@CNN,Sat Mar 31 15:00:07 +0000 2018,6,0.0,0.0,1.0,0.0,UK told to pull more diplomatic staff from Russia https://t.co/MEmRVCZlnD https://t.co/pChK7Vt4td
206,@CNN,Sat Mar 31 14:45:09 +0000 2018,7,0.0,0.0,1.0,0.0,Malala Yousafzai returns to hometown in Pakistan https://t.co/HNwLQvhO8Q https://t.co/5LxTbSobJh
207,@CNN,Sat Mar 31 14:30:13 +0000 2018,8,-0.6361,0.0,0.77,0.23,The UN calls for an inquiry after Gaza's most violent day in 4 years https://t.co/tp4asuFMrj https://t.co/90uWE3qBUv
208,@CNN,Sat Mar 31 14:01:06 +0000 2018,9,0.3612,0.128,0.872,0.0,"Dr. Bennet Omalu, a pioneering pathologist credited with discovering CTE, spoke Friday about the findings of his th… https://t.co/MIqPiRqDbM"
209,@CNN,Sat Mar 31 13:31:03 +0000 2018,10,0.296,0.158,0.842,0.0,Do you dream of escaping to the country and running your own bookstore? There's an Airbnb for that… https://t.co/zZBoaLyoHr
210,@CNN,Sat Mar 31 13:01:05 +0000 2018,11,0.0,0.0,1.0,0.0,"About 2.5% of people who went to the doctor in the week ending March 24 had flu-like symptoms, the CDC says https://t.co/0QDB4nkM4I"
211,@CNN,Sat Mar 31 12:31:03 +0000 2018,12,0.3818,0.217,0.669,0.114,"""We're just scared of the water..."" Welcome to Martin County, Kentucky, where the tap water smells like diesel fuel… https://t.co/NKqMu29Feb"
212,@CNN,Sat Mar 31 12:01:02 +0000 2018,13,0.0,0.0,1.0,0.0,Ethan Sonneborn is 13 and he's running to be the next governor of Vermont https://t.co/650JWWGetD https://t.co/aaBGheaDrO
213,@CNN,Sat Mar 31 11:31:00 +0000 2018,14,0.7717,0.295,0.705,0.0,"Here's how Michael Brown celebrated his acceptance to Stanford. The 17-year-old from Houston, Texas, applied to 20… https://t.co/3cDsmQDGkc"
214,@CNN,Sat Mar 31 11:01:03 +0000 2018,15,-0.4019,0.0,0.863,0.137,The Utah Jazz's home arena has a sensory-inclusive space for fans with autism spectrum disorder and other intellect… https://t.co/75nNGt4jZl
215,@CNN,Sat Mar 31 10:31:03 +0000 2018,16,-0.34,0.109,0.707,0.185,"President Trump designates April as ""Second Chance Month"" for people with criminal records https://t.co/G3fkyyrVkq https://t.co/oU4lP9Wbfc"
216,@CNN,Sat Mar 31 10:01:04 +0000 2018,17,-0.2023,0.0,0.913,0.087,"Here are some of iOS 11.3's features you should know about:
- You can turn off the controversial iPhone-slowing fea… https://t.co/P1qioImBTL"
217,@CNN,Sat Mar 31 09:31:03 +0000 2018,18,-0.5106,0.059,0.791,0.15,The simple act of getting a haircut can end up being an assault on the senses for some. This barber soothed a child… https://t.co/2S6n5I0J1R
218,@CNN,Sat Mar 31 09:01:07 +0000 2018,19,-0.7351,0.0,0.644,0.356,Will the spate of lawsuits against fringe media stop the flow of conspiracy theories? https://t.co/YXJPGIHq1O https://t.co/a8mp6v54ER
219,@CNN,Sat Mar 31 08:31:04 +0000 2018,20,0.2023,0.096,0.904,0.0,Jim Carrey has been trolling Trump and the GOP with paintings. Here are the top 11 https://t.co/oqAZCMfRq7 https://t.co/PRdrQwQXeL
220,@CNN,Sat Mar 31 08:01:02 +0000 2018,21,0.0,0.0,1.0,0.0,A company donated $29 million in cryptocurrency to cover every single teacher request on a crowdfunding site https://t.co/dV0cPv6Ego
221,@CNN,Sat Mar 31 07:31:04 +0000 2018,22,-0.5859,0.0,0.787,0.213,President Donald Trump has issued a proclamation designating April as National Sexual Assault Awareness month… https://t.co/PiJbQyct7Z
222,@CNN,Sat Mar 31 07:01:02 +0000 2018,23,-0.4019,0.0,0.886,0.114,"If you stand inside the world's quietest room for long enough, you start to hear your heartbeat. Then you lose your… https://t.co/Kk3gi0xins"
223,@CNN,Sat Mar 31 06:45:18 +0000 2018,24,0.6369,0.167,0.833,0.0,JFK had a legendary love life. Did one of his affairs connect him with the mob? #TheKennedys Sunday at 9p on CNN. https://t.co/qoGELhh4m1
224,@CNN,Sat Mar 31 06:31:05 +0000 2018,25,-0.5267,0.091,0.671,0.238,Exclusive: On board the 'Doomsday' plane that can wage nuclear war https://t.co/fmev2gMTFU https://t.co/1krpyJOuSU
225,@CNN,Sat Mar 31 06:01:37 +0000 2018,26,0.0,0.0,1.0,0.0,A rare look inside North Korean leader Kim Jong Un's armored train https://t.co/3jJ0Z6Em3X https://t.co/hzfxZShM9N
226,@CNN,Sat Mar 31 05:46:07 +0000 2018,27,0.6369,0.318,0.682,0.0,The best travel photos of 2018 (so far) https://t.co/f7oG0f6gNu https://t.co/NwnB53lDWW
227,@CNN,Sat Mar 31 05:31:04 +0000 2018,28,0.6808,0.219,0.781,0.0,This 17-year-old applied to 20 of the best universities in the US and was admitted to every single one with a full… https://t.co/8n7sRF58Qc
228,@CNN,Sat Mar 31 05:16:00 +0000 2018,29,0.0,0.0,1.0,0.0,He’s an algebra teacher in Oklahoma. And a bus driver. And a Little League umpire. And he drives for Uber and Lyft.… https://t.co/skk1lgAN0W
229,@CNN,Sat Mar 31 05:01:04 +0000 2018,30,0.3818,0.217,0.669,0.114,"""We're just scared of the water..."" Welcome to Martin County, Kentucky, where the tap water smells like diesel fuel… https://t.co/kHUdQ6ZEhr"
230,@CNN,Sat Mar 31 04:31:05 +0000 2018,31,0.4404,0.153,0.847,0.0,Apple is proposing 13 new emojis in an effort to better represent people with disabilities https://t.co/ByWMuyNNrU https://t.co/2HETOC1giC
231,@CNN,Sat Mar 31 04:16:00 +0000 2018,32,0.2732,0.1,0.9,0.0,"Former President Barack Obama says he aspires to create ""a million young Barack Obamas or Michelle Obamas"" who will… https://t.co/PDc0nZA1n5"
232,@CNN,Sat Mar 31 04:16:00 +0000 2018,33,0.0,0.0,1.0,0.0,"Would you ride in this ""Roseanne"" car? A New York City subway train car was transformed to resemble Roseanne's livi… https://t.co/jn8FRusjFB"
233,@CNN,Sat Mar 31 04:02:20 +0000 2018,34,0.6369,0.301,0.61,0.089,"This curious cheetah hopped into a car on a safari trip. Thankfully, everyone remained calm, and no one was hurt… https://t.co/q0l42J3hzo"
234,@CNN,Sat Mar 31 03:45:16 +0000 2018,35,0.0,0.0,1.0,0.0,"From revolution to reform, how did the Vatican respond to the splintering of a once universal Catholic church?… https://t.co/tYpjnWu1vS"
235,@CNN,Sat Mar 31 03:31:01 +0000 2018,36,0.3612,0.128,0.872,0.0,"Dr. Bennet Omalu, a pioneering pathologist credited with discovering CTE, spoke Friday about the findings of his th… https://t.co/MYDJGw3Wvv"
236,@CNN,Sat Mar 31 03:16:02 +0000 2018,37,0.0,0.0,1.0,0.0,Ethan Sonneborn is 13 and he's running to be the next governor of Vermont https://t.co/aNi6zLG7st https://t.co/S5nfZMvWap
237,@CNN,Sat Mar 31 03:06:02 +0000 2018,38,0.34,0.118,0.882,0.0,The White House office that vets appointees is inexperienced and understaffed -- and aides played a drinking game i… https://t.co/Kk1Vx3KkaL
238,@CNN,Sat Mar 31 03:01:02 +0000 2018,39,-0.5859,0.0,0.814,0.186,"To critics who say she should ""go away"" after losing to Trump, Hillary Clinton says, ""they never said that to any m… https://t.co/C4BluiJ1DU"
239,@CNN,Sat Mar 31 02:58:30 +0000 2018,40,0.0,0.0,1.0,0.0,RT @CNNTonight: Rep. Ted Lieu says US Attorney General Jeff Sessions made the right call in appointing a prosecutor to investigate claims o…
240,@CNN,Sat Mar 31 02:46:06 +0000 2018,41,0.3182,0.113,0.887,0.0,An official with the US Immigration and Customs Enforcement office in San Francisco apologized for posting an image… https://t.co/kjCGRIXtEJ
241,@CNN,Sat Mar 31 02:31:09 +0000 2018,42,-0.0258,0.132,0.731,0.137,Mississippi State is heading to the NCAA women's national championship game after beating Louisville 73-63 in overt… https://t.co/6AjYA3iWuq
242,@CNN,Sat Mar 31 02:24:33 +0000 2018,43,0.0,0.0,1.0,0.0,Is India distancing itself from the Tibetan exile community six decades after the Dalai Lama fled to the country?… https://t.co/ZMPZV96hPG
243,@CNN,Sat Mar 31 02:13:36 +0000 2018,44,0.0,0.0,1.0,0.0,Google's Clips camera automates aspects of the picture-taking process. But can it replace photographers with an alg… https://t.co/mU5I2iTH6G
244,@CNN,Sat Mar 31 02:03:28 +0000 2018,45,-0.5859,0.0,0.814,0.186,"""When the fire alarm went off in my gym the other morning, barely anyone paid attention. ... Many of us are equally… https://t.co/RR9qfL7SoF"
245,@CNN,Sat Mar 31 01:53:43 +0000 2018,46,-0.3182,0.0,0.897,0.103,"""What is odd and unprecedented is to have your daughter, your son-in-law, your pilot, your physician - you can go d… https://t.co/pvsnU5lzf4"
246,@CNN,Sat Mar 31 01:53:17 +0000 2018,47,-0.4003,0.0,0.863,0.137,"""Holy hazelnut mocha! California may now be placing a warning label on coffee,"" writes David Wheeler via @CNNOpinion https://t.co/8NtGC9w49U"
247,@CNN,Sat Mar 31 01:52:26 +0000 2018,48,-0.34,0.0,0.897,0.103,"RT @OutFrontCNN: ""His misuse of taxpayer dollars over and over again is really what's concerning...I think he should resign. If he doesn't…"
248,@CNN,Sat Mar 31 01:48:59 +0000 2018,49,0.296,0.104,0.896,0.0,Dennis Rodman weighs in on the prospect of a meeting between US President Donald Trump and North Korean leader Kim… https://t.co/lZuOx6IGW1
249,@CNN,Sat Mar 31 01:43:14 +0000 2018,50,0.5367,0.126,0.874,0.0,"RT @AC360: ""He simply is not qualified to take on one of the most complicated health care management jobs in the world."" - Norman Eisen on…"
250,@CNN,Sat Mar 31 01:42:53 +0000 2018,51,0.4215,0.167,0.833,0.0,"President Trump likes ""Roseanne?"" Of course he does | By Dean Obeidallah via @CNNOpinion https://t.co/kctMHQG3a9 https://t.co/1ik8vALq8E"
251,@CNN,Sat Mar 31 01:38:05 +0000 2018,52,-0.3818,0.0,0.86,0.14,"""Our fight can be any woman's fight."" Brazilian sports journalists may be having their #MeToo moment https://t.co/cQGYzfkVeU"
252,@CNN,Sat Mar 31 01:27:52 +0000 2018,53,0.0,0.0,1.0,0.0,A federal judge has ruled against the Trump administration -- for now -- in a case brought by lawyers for pregnant… https://t.co/CM7Uav1f6b
253,@CNN,Sat Mar 31 01:12:38 +0000 2018,54,0.7717,0.283,0.717,0.0,"Michael Brown celebrates his acceptance to Stanford. The 17-year-old from Houston, Texas, applied to 20 of the best… https://t.co/mEQLTx8ozD"
254,@CNN,Sat Mar 31 01:06:33 +0000 2018,55,0.0,0.0,1.0,0.0,Former Obama administration Attorney General Eric Holder said he will make a decision on running for president in 2… https://t.co/fBlctwq6NT
255,@CNN,Sat Mar 31 00:55:17 +0000 2018,56,-0.34,0.0,0.893,0.107,The internal FBI report that served as grounds for the firing of FBI Deputy Director Andrew McCabe includes key tes… https://t.co/owthxm1Qop
256,@CNN,Sat Mar 31 00:44:38 +0000 2018,57,-0.6249,0.0,0.796,0.204,Could this be a sign of change in the police shooting crisis? | By Roxanne Jones via @CNNOpinion… https://t.co/102nyMqSop
257,@CNN,Sat Mar 31 00:34:05 +0000 2018,58,0.0,0.0,1.0,0.0,Former California governor and film star Arnold Schwarzenegger had open-heart surgery in California to replace a fa… https://t.co/ilWRCPSyuH
258,@CNN,Sat Mar 31 00:22:11 +0000 2018,59,0.6808,0.219,0.781,0.0,This 17-year-old applied to 20 of the best universities in the US and was admitted to every single one with a full… https://t.co/70VGFaqbhE
259,@CNN,Sat Mar 31 00:12:33 +0000 2018,60,0.4215,0.123,0.877,0.0,"US Ambassador to the United Nations Nikki Haley gave Karen Pierce, the UK's first female ambassador to the UN, a wa… https://t.co/UKHHdYFnCv"
260,@CNN,Sat Mar 31 00:11:53 +0000 2018,61,-0.7783,0.0,0.57,0.43,Coffee may come with a cancer warning label in California https://t.co/BHrE6r8LnS https://t.co/YOVgknEY8c
261,@CNN,Fri Mar 30 23:56:00 +0000 2018,62,-0.5267,0.091,0.671,0.238,Exclusive: On board the 'Doomsday' plane that can wage nuclear war https://t.co/lwvbG4vTJo https://t.co/3OYg8dnklf
262,@CNN,Fri Mar 30 23:50:58 +0000 2018,63,-0.34,0.109,0.707,0.185,"President Trump designates April as ""Second Chance Month"" for people with criminal records https://t.co/7d7tzIidZK https://t.co/OVthlIfV8Q"
263,@CNN,Fri Mar 30 23:35:26 +0000 2018,64,0.0,0.0,1.0,0.0,"The attorneys for the family of Alton Sterling are speaking in Baton Rouge, Louisiana, following the police press c… https://t.co/p8AJCD4fPj"
264,@CNN,Fri Mar 30 23:28:39 +0000 2018,65,-0.5267,0.0,0.848,0.152,"The White House is frustrated with the EPA's Scott Pruitt, the already embattled Cabinet secretary who is under scr… https://t.co/Bk5ioNiNhA"
265,@CNN,Fri Mar 30 23:13:26 +0000 2018,66,-0.5859,0.0,0.787,0.213,President Donald Trump has issued a proclamation designating April as National Sexual Assault Awareness month… https://t.co/kJLTw5PY4D
266,@CNN,Fri Mar 30 23:08:07 +0000 2018,67,0.25,0.125,0.875,0.0,How Steve Bannon used Cambridge Analytica to further his alt-right vision for America https://t.co/iB1mHKZT7z https://t.co/uY8u1AbqFj
267,@CNN,Fri Mar 30 22:55:25 +0000 2018,68,0.2023,0.096,0.904,0.0,Jim Carrey has been trolling Trump and the GOP with paintings. Here are the top 11 https://t.co/MHqgAuAyf7 https://t.co/L2Zlql8mD2
268,@CNN,Fri Mar 30 22:36:22 +0000 2018,69,0.0,0.0,1.0,0.0,"Walmart is in the early stages of talks to buy the health insurance giant Humana, according to a Wall Street Journa… https://t.co/VIggyj5nji"
269,@CNN,Fri Mar 30 22:29:51 +0000 2018,70,-0.5423,0.0,0.844,0.156,"BREAKING: Baton Rouge Police Officer Blane Salamoni, one of two officers involved in the fatal shooting of Alton St… https://t.co/F9u1UNG5x2"
270,@CNN,Fri Mar 30 22:20:42 +0000 2018,71,0.0,0.0,1.0,0.0,David Shulkin wants to tell his side of the story -- and he's speaking out everywhere https://t.co/RCkHV2SPjX https://t.co/75xGMw1eIH
271,@CNN,Fri Mar 30 22:14:15 +0000 2018,72,-0.5423,0.0,0.844,0.156,"Baton Rouge Police Officer Blane Salamoni, one of two officers involved in the fatal shooting of Alton Sterling, wi… https://t.co/sgYOZYRKAp"
272,@CNN,Fri Mar 30 22:09:57 +0000 2018,73,-0.7351,0.0,0.644,0.356,Will the spate of lawsuits against fringe media stop the flow of conspiracy theories? https://t.co/jzCSTqu115 https://t.co/PPTPB1a3Wa
273,@CNN,Fri Mar 30 21:59:14 +0000 2018,74,-0.5106,0.059,0.791,0.15,The simple act of getting a haircut can end up being an assault on the senses for some. This barber soothed a child… https://t.co/VdVwpyVLve
274,@CNN,Fri Mar 30 21:48:06 +0000 2018,75,0.0,0.0,1.0,0.0,"Four videos recorded the night an officer shot Alton Sterling in 2016 were released by Baton Rouge police.

The rec… https://t.co/SHRcuSe7iY"
275,@CNN,Fri Mar 30 21:38:54 +0000 2018,76,0.3612,0.128,0.872,0.0,"Dr. Bennet Omalu, a pioneering pathologist credited with discovering CTE, spoke Friday about the findings of his th… https://t.co/vDPqMjycHB"
276,@CNN,Fri Mar 30 21:32:54 +0000 2018,77,0.0,0.0,1.0,0.0,"RT @CNNSitRoom: ""I have the patience to wait until Mueller and his professionals come back with a recommendation of what in fact happened,""…"
277,@CNN,Fri Mar 30 21:28:29 +0000 2018,78,0.1027,0.15,0.722,0.128,"Venezuelans lack Communion wafers this Easter, so a Colombian church stepped in to help https://t.co/cXY7l1pnyi https://t.co/PYzmm3cQQK"
278,@CNN,Fri Mar 30 21:17:31 +0000 2018,79,-0.296,0.103,0.744,0.153,"These days, politics is about what you hate as much as what you like | Analysis by CNN's Sam Petulla… https://t.co/2ua2J9y2TQ"
279,@CNN,Fri Mar 30 21:15:24 +0000 2018,80,-0.1027,0.113,0.714,0.172,The FBI detained and questioned Trump ally Ted Malloch this week as part of special counsel Robert Mueller's invest… https://t.co/OTRZuunDYS
280,@CNN,Fri Mar 30 21:09:08 +0000 2018,81,-0.4767,0.0,0.83,0.17,The FBI this week detained and questioned Ted Malloch -- who says he was an informal Trump campaign adviser in 2016… https://t.co/4ETAWMHGuL
281,@CNN,Fri Mar 30 21:01:16 +0000 2018,82,0.1779,0.098,0.837,0.065,"Fifty years ago, on the last day of March, President Lyndon Johnson stunned the nation with a surprise decision not… https://t.co/ri5ZsyJH7I"
282,@CNN,Fri Mar 30 20:53:55 +0000 2018,83,-0.2732,0.145,0.707,0.148,"RT @TheLeadCNN: Rep. Esty, who has apologized after she kept on a top aide for several months despite having learned of abuse allegations a…"
283,@CNN,Fri Mar 30 20:52:00 +0000 2018,84,0.3089,0.153,0.847,0.0,Rep. Elizabeth Esty says she won't resign after apologizing for keeping on an aide for several months after learnin… https://t.co/pq3Tx8tqjF
284,@CNN,Fri Mar 30 20:51:02 +0000 2018,85,0.5719,0.227,0.773,0.0,"President Trump's ""mini me"" could (partly) fill the void that long-time top aide Hope Hicks leaves behind… https://t.co/bfbmdEqgA7"
285,@CNN,Fri Mar 30 20:41:56 +0000 2018,86,0.0,0.0,1.0,0.0,"RT @TheLeadCNN: ""What I've not seen from this President is any indication whatsoever that he is willing to use the instruments of power tha…"
286,@CNN,Fri Mar 30 20:40:22 +0000 2018,87,0.0,0.0,1.0,0.0,"""Clueless"" star and former Fox News commentator Stacey Dash is withdrawing her congressional bid… https://t.co/uFHyDGkZrk"
287,@CNN,Fri Mar 30 20:30:22 +0000 2018,88,-0.4019,0.0,0.87,0.13,The Utah Jazz's home arena is opening a sensory-inclusive space for fans with autism spectrum disorder and other in… https://t.co/S1chLvCHSb
288,@CNN,Fri Mar 30 20:24:21 +0000 2018,89,-0.2023,0.0,0.913,0.087,"Here are some of iOS 11.3's features you should know about:
- You can turn off the controversial iPhone-slowing fea… https://t.co/1DyFic0C2i"
289,@CNN,Fri Mar 30 20:24:07 +0000 2018,90,0.0,0.0,1.0,0.0,"RT @TheLeadCNN: Russia released video footage of a test launch of its new ""Satan 2"" intercontinental ballistic missile https://t.co/M49YiOw…"
290,@CNN,Fri Mar 30 20:09:11 +0000 2018,91,-0.2023,0.0,0.893,0.107,Federal authorities have charged the pastor of a Texas megachurch and a Louisiana financial planner with defrauding… https://t.co/GUYy99hyh7
291,@CNN,Fri Mar 30 19:54:34 +0000 2018,92,0.0,0.0,1.0,0.0,Ethan Sonneborn is 13 and he's running to be the next governor of Vermont https://t.co/ulz7Nu40xs https://t.co/ssTwFIHAB4
292,@CNN,Fri Mar 30 19:54:28 +0000 2018,93,0.3818,0.217,0.669,0.114,"""We're just scared of the water..."" Welcome to Martin County, Kentucky, where the tap water smells like diesel fuel… https://t.co/7M0VmN7STW"
293,@CNN,Fri Mar 30 19:44:00 +0000 2018,94,0.0,0.0,1.0,0.0,A company donated $29 million in cryptocurrency to cover every single teacher request on a crowdfunding site https://t.co/iQU2aeav5h
294,@CNN,Fri Mar 30 19:31:03 +0000 2018,95,0.4215,0.177,0.823,0.0,Why Trump and the GOP are gaining | By Scott Jennings via @CNNOpinion https://t.co/fwYLVuR2cy https://t.co/FTRiUkE20v
295,@CNN,Fri Mar 30 19:21:05 +0000 2018,96,0.0,0.0,1.0,0.0,"About 2.5% of people who went to the doctor in the week ending March 24 had flu-like symptoms, the CDC says https://t.co/vbEUoa46kx"
296,@CNN,Fri Mar 30 19:14:47 +0000 2018,97,0.0,0.0,1.0,0.0,What Walmart doesn't get about #MeToo | By Melissa Blake via @CNNOpinion https://t.co/Qx7VSF4L4L https://t.co/JEArcd6uzl
297,@CNN,Fri Mar 30 19:04:03 +0000 2018,98,-0.5267,0.0,0.794,0.206,A woman in Texas was sentenced to a five-year prison term for voting illegally in the 2016 presidential election wh… https://t.co/pWezjEjZIu
298,@CNN,Fri Mar 30 18:57:48 +0000 2018,99,0.6808,0.219,0.781,0.0,"After almost two months, the US State Department has approved a visa for an Iranian man to come to the United State… https://t.co/kPahAdXuXN"
299,@CNN,Fri Mar 30 18:47:12 +0000 2018,100,0.0,0.0,1.0,0.0,Former California governor and film star Arnold Schwarzenegger had open-heart surgery in California to replace a fa… https://t.co/Nl5hsFytef
300,@FoxNews,Sat Mar 31 16:16:01 +0000 2018,1,0.2732,0.139,0.861,0.0,".@RobertJohnDavi: ""@therealroseanne always had an every-man appeal, every-woman appeal... A certain essence that sh… https://t.co/5G1ew4rQOD"
301,@FoxNews,Sat Mar 31 16:14:18 +0000 2018,2,0.128,0.073,0.927,0.0,TOMORROW: @FoxNewsSunday has an exclusive interview with @LindseyGrahamSC - Tune in at 2p &amp; 7p ET on Fox News Chann… https://t.co/zirLJQuxFf
302,@FoxNews,Sat Mar 31 16:07:53 +0000 2018,3,0.0,0.0,1.0,0.0,An Arizona highway patrolman gave his colleagues a tearful goodbye on his last day on the job after serving for 37… https://t.co/3hcGqSrnkW
303,@FoxNews,Sat Mar 31 16:07:00 +0000 2018,4,-0.0772,0.157,0.674,0.169,"Andrew Pollack, daughter Meadow killed in Parkland shooting: ""We live in the greatest country in the world. We've g… https://t.co/cTFNtDBjyn"
304,@FoxNews,Sat Mar 31 16:02:21 +0000 2018,5,0.2732,0.11,0.89,0.0,".@RobertJohnDavi: ""Hollywood had always had a certain kind of left-wing leaning... For the last 50 years it's gotte… https://t.co/9mr5b8w6MR"
305,@FoxNews,Sat Mar 31 15:56:01 +0000 2018,6,0.0,0.0,1.0,0.0,Chrissy Teigen 'grew up' with 'Roseanne' but says she will not watch reboot https://t.co/pthlGFnWQH
306,@FoxNews,Sat Mar 31 15:47:23 +0000 2018,7,0.0,0.0,1.0,0.0,".@RepGoodlatte: ""We really think this should be an investigation outside of the Department of Justice."" https://t.co/wO8RXpx1a3"
307,@FoxNews,Sat Mar 31 15:35:47 +0000 2018,8,-0.743,0.0,0.656,0.344,Footage shows Texas man pointing gun at officer before being shot to death https://t.co/bLbK9DlfL8
308,@FoxNews,Sat Mar 31 15:33:17 +0000 2018,9,0.0,0.0,1.0,0.0,Black Bear Wakes from Hibernation in Glacier National Park https://t.co/uhQwtXmuem
309,@FoxNews,Sat Mar 31 15:31:43 +0000 2018,10,-0.7003,0.115,0.521,0.365,"CA @JerryBrownGov pardons five criminal illegal aliens; @PeteHegseth, @HuntsmanAbby, and @edhenry discuss.… https://t.co/MbXM3DzSbH"
310,@FoxNews,Sat Mar 31 15:25:00 +0000 2018,11,0.0,0.0,1.0,0.0,'America's Never Been Great': Student Records Teacher Saying @realDonaldTrump 'MAGA' Slogan Trying to Bring Back Se… https://t.co/wiMi9XhKIs
311,@FoxNews,Sat Mar 31 15:23:34 +0000 2018,12,0.296,0.155,0.845,0.0,.@THEHermanCain: @washingtonpost Admits President @realDonaldTrump's Economic Policies Are Working; Not Telling Ful… https://t.co/DdHbE7k3Pu
312,@FoxNews,Sat Mar 31 15:14:37 +0000 2018,13,0.0,0.0,1.0,0.0,"Stacey Dash drops congressional seat bid, slams 'Plantation Politics' https://t.co/pqmoaoErol"
313,@FoxNews,Sat Mar 31 15:03:25 +0000 2018,14,-0.25,0.0,0.905,0.095,".@dbongino: ""You don't send [your children] to school for propaganda. You send them to school for learning. This wh… https://t.co/asbw7i3ENc"
314,@FoxNews,Sat Mar 31 14:51:53 +0000 2018,15,0.8885,0.469,0.531,0.0,".@RepJohnYarmuth: ""We're perfectly in favor of giving middle income Americans a break, and we're all supportive of… https://t.co/vhggRComjt"
315,@FoxNews,Sat Mar 31 14:47:29 +0000 2018,16,0.0,0.0,1.0,0.0,Fox News Poll: Vote for Congress in your district. https://t.co/gUwpB1XvA6
316,@FoxNews,Sat Mar 31 14:41:18 +0000 2018,17,0.0,0.0,1.0,0.0,".@SimonettiLauren: ""There's the whole interior of the country that might not see things as liberal New York and Cal… https://t.co/2hh95XZEHk"
317,@FoxNews,Sat Mar 31 14:40:30 +0000 2018,18,0.0258,0.078,0.922,0.0,".@NelsonforOC: ""It's unconstitutional to prevent law enforcement officers from appropriately communicating with the… https://t.co/TKY1CDEKka"
318,@FoxNews,Sat Mar 31 14:35:48 +0000 2018,19,-0.5095,0.0,0.859,0.141,".@KatTimpf: ""It's very offensive to suggest that these millions of American women who voted for Trump only did so b… https://t.co/vKknqoDyaO"
319,@FoxNews,Sat Mar 31 14:30:40 +0000 2018,20,0.4019,0.231,0.769,0.0,Trump rips California governor for pardoning ex-cons facing deportation https://t.co/ylWu7LJnfa
320,@FoxNews,Sat Mar 31 14:26:39 +0000 2018,21,0.0,0.0,1.0,0.0,".@RepDaveBrat: ""The new appointment isn't sufficient. He reports to Rosenstein and Rosenstein is in the middle of t… https://t.co/OVf047VTg8"
321,@FoxNews,Sat Mar 31 14:22:43 +0000 2018,22,-0.0516,0.0,0.909,0.091,Sacramento nurse placed on leave after post saying Stephon Clark 'deserved it' https://t.co/Vpbzakm40r
322,@FoxNews,Sat Mar 31 14:10:48 +0000 2018,23,0.7906,0.333,0.667,0.0,Dennis Rodman: I hope Kim Jong Un wears a 'Make America Great Again' hat after meeting Trump https://t.co/HeqJq2l6Nn
323,@FoxNews,Sat Mar 31 13:51:28 +0000 2018,24,0.34,0.167,0.833,0.0,"Sheriff Mark Dannels: ""We need to have a secure border in this country."" https://t.co/ygwTEkV453"
324,@FoxNews,Sat Mar 31 13:41:42 +0000 2018,25,0.1779,0.237,0.576,0.187,Pilot kisses ground after emergency landing in Florida https://t.co/YvYHKYRUio https://t.co/uYQXa9sETi
325,@FoxNews,Sat Mar 31 13:39:28 +0000 2018,26,-0.119,0.255,0.517,0.228,"Cancer experts say coffee is safe, despite California's new warning label requirement https://t.co/vyDXsUV9RA"
326,@FoxNews,Sat Mar 31 13:27:40 +0000 2018,27,-0.8658,0.0,0.481,0.519,Pippa Middleton's father-in-law arrested and charged with raping a child in 1990s https://t.co/dgH1580iMX
327,@FoxNews,Sat Mar 31 13:24:09 +0000 2018,28,-0.25,0.0,0.867,0.133,.@THEHermanCain: “Amazon should be left alone and let the market determine their fate.” https://t.co/TudlPPFMGE
328,@FoxNews,Sat Mar 31 13:22:43 +0000 2018,29,0.296,0.216,0.784,0.0,.@THEHermanCain: “[@realDonaldTrump’s] policies are helping the entire country.” https://t.co/Q1gTMr4ptP
329,@FoxNews,Sat Mar 31 13:02:20 +0000 2018,30,0.0,0.0,1.0,0.0,Harvard scrubs 'Puritans' from alma mater because it is not 'inclusive' https://t.co/SmlcqGbRAT
330,@FoxNews,Sat Mar 31 12:59:37 +0000 2018,31,0.5267,0.195,0.805,0.0,.@realDonaldTrump Answers Boy Seeking Kidney for Father: 'You're a Brave Young Man With a Big Heart' https://t.co/gmrYeH1v2x
331,@FoxNews,Sat Mar 31 12:55:49 +0000 2018,32,0.1779,0.254,0.746,0.0,Army considers tougher basic training https://t.co/L5vvCo0ill
332,@FoxNews,Sat Mar 31 12:52:14 +0000 2018,33,0.1901,0.077,0.923,0.0,.@dbongino: “You should thank the lord every single day. You not only live in America but you live in America right… https://t.co/gWxCq38sDq
333,@FoxNews,Sat Mar 31 12:41:55 +0000 2018,34,0.0,0.0,1.0,0.0,Woman gets 5 years for illegally voting in 2016 presidential election https://t.co/96eyVkd2Wf
334,@FoxNews,Sat Mar 31 12:22:18 +0000 2018,35,0.0,0.0,1.0,0.0,Peggy Grande: “We see a president who is unafraid to make change and that’s what he’s doing. Ronald Reagan did the… https://t.co/vGwtFKd8h6
335,@FoxNews,Sat Mar 31 12:18:31 +0000 2018,36,0.6739,0.211,0.789,0.0,"PURE JOY: A wheelchair swing was recently installed in a Fort Smith, Arkansas, park, and this young boy's reaction… https://t.co/7Ny3ubzH6O"
336,@FoxNews,Sat Mar 31 12:15:12 +0000 2018,37,-0.1027,0.0,0.896,0.104,"Trump freezing Syria funds in signal of US pullback, report says https://t.co/n1eJDQHeBY https://t.co/L5G64DExec"
337,@FoxNews,Sat Mar 31 12:10:22 +0000 2018,38,-0.2732,0.0,0.877,0.123,"Two boys tried to steal pizza delivery car but could not drive stick, cops say https://t.co/gJ0MQYHDXV"
338,@FoxNews,Sat Mar 31 12:02:56 +0000 2018,39,-0.8807,0.0,0.407,0.593,"Six MS-13 members facing murder, conspiracy charges, authorities say https://t.co/dVlcZLukdv"
339,@FoxNews,Sat Mar 31 11:57:41 +0000 2018,40,-0.3818,0.124,0.684,0.192,Texas restaurant donates Friday profits to family of teen killed in hit-and-run: 'She had a heart of gold' https://t.co/NL8LYWtJkK
340,@FoxNews,Sat Mar 31 11:53:42 +0000 2018,41,-0.4939,0.0,0.714,0.286,Man live-tweets riveting story of co-worker's stolen lunch https://t.co/s1IxaNsGWd
341,@FoxNews,Sat Mar 31 11:45:33 +0000 2018,42,0.6369,0.174,0.826,0.0,"Malala returns to Pakistan hometown for first time since being shot in 2012, says it's 'happiest day of my life' https://t.co/WbrdvGxuFP"
342,@FoxNews,Sat Mar 31 11:41:33 +0000 2018,43,0.0,0.0,1.0,0.0,"President @realDonaldTrump delivers Passover, Easter message https://t.co/qw7zkDgvp1"
343,@FoxNews,Sat Mar 31 11:38:16 +0000 2018,44,0.7287,0.277,0.723,0.0,A little girl celebrated finishing up two and a half years of chemotherapy treatment by ringing a special bell crea… https://t.co/BtjHYqnjSH
344,@FoxNews,Sat Mar 31 11:32:06 +0000 2018,45,0.0,0.0,1.0,0.0,Wu-Tang Clan is launching a vodka https://t.co/y1W0QBxklL
345,@FoxNews,Sat Mar 31 11:24:51 +0000 2018,46,0.4404,0.225,0.775,0.0,California homeowner says she won't sell to Trump supporters: report https://t.co/tCpqfWLazC
346,@FoxNews,Sat Mar 31 11:21:49 +0000 2018,47,-0.25,0.0,0.778,0.222,Census citizenship question sparks firestorm of protest https://t.co/ugStcebFWU
347,@FoxNews,Sat Mar 31 11:05:42 +0000 2018,48,0.0,0.0,1.0,0.0,"'Roseanne' revival scores renewal at ABC, report says https://t.co/qClDpNbAeb"
348,@FoxNews,Sat Mar 31 10:50:59 +0000 2018,49,-0.3919,0.095,0.694,0.21,"Jury 'convinced' Noor Salman knew of Pulse nightclub attack, but had 'no option' but to acquit, foreman says https://t.co/TpkwDhyRnw"
349,@FoxNews,Sat Mar 31 10:42:17 +0000 2018,50,-0.7506,0.088,0.577,0.335,.@RealCandaceO: “Hillary lost because she keeps insulting Americans and her solution to that is to keep insulting A… https://t.co/EPtgUEQvlg
350,@FoxNews,Sat Mar 31 10:20:53 +0000 2018,51,0.0,0.0,1.0,0.0,Ronald D. Vitello: “There’s wall under construction right now… We have plans for much more.” https://t.co/NpU7SOkSv4
351,@FoxNews,Sat Mar 31 10:14:43 +0000 2018,52,-0.3818,0.0,0.755,0.245,U.N. Holds Emergency Meeting on Gaza Clashes https://t.co/yAfMAjwqwV https://t.co/yY8WTZbMHF
352,@FoxNews,Sat Mar 31 09:45:00 +0000 2018,53,-0.34,0.0,0.854,0.146,Actor @RealJamesWoods took to Twitter to denounce calls for repealing the Second Amendment. https://t.co/YOlWc6pbip https://t.co/ZO6PwFiRx9
353,@FoxNews,Sat Mar 31 09:30:00 +0000 2018,54,0.0,0.0,1.0,0.0,Blue moon to light up sky ahead of Easter https://t.co/GlO0XSBD3o
354,@FoxNews,Sat Mar 31 09:12:00 +0000 2018,55,0.0,0.0,1.0,0.0,Woman gets 5 years for illegally voting in 2016 presidential election https://t.co/vCnPRIE2b8
355,@FoxNews,Sat Mar 31 09:00:02 +0000 2018,56,0.34,0.167,0.833,0.0,".@LisaMarieBoothe: ""All we've been hearing about is: '@POTUS needs to get tougher on Russia, tougher on Russia.' An… https://t.co/KT3zipKRqp"
356,@FoxNews,Sat Mar 31 08:50:00 +0000 2018,57,0.0772,0.172,0.613,0.215,7-year-old boy with Tourette's makes powerful video to stop teasing from classmates https://t.co/Ic0iDhJyfP
357,@FoxNews,Sat Mar 31 08:41:36 +0000 2018,58,-0.8807,0.0,0.407,0.593,"Six MS-13 members facing murder, conspiracy charges, authorities say
https://t.co/RCjMVyAwUa"
358,@FoxNews,Sat Mar 31 08:36:00 +0000 2018,59,0.0,0.0,1.0,0.0,".@SebGorka: ""This is just common sense finally returning to government."" https://t.co/wsMTIw7emQ"
359,@FoxNews,Sat Mar 31 08:22:00 +0000 2018,60,0.3182,0.148,0.852,0.0,We've reached a point in this country - the sheriffs have - where we can't stand by any longer and allow the contin… https://t.co/nRejB10EvV
360,@FoxNews,Sat Mar 31 08:09:00 +0000 2018,61,0.0,0.0,1.0,0.0,".@newtgingrich: ""Once in a while, Hollywood will make a movie that appeals to middle America that'll do amazingly w… https://t.co/Hk9BpC2ymu"
361,@FoxNews,Sat Mar 31 07:58:00 +0000 2018,62,0.0,0.0,1.0,0.0,.@HillaryClinton campaign app may have harvested Facebook data of millions https://t.co/FXpUWxdHJO
362,@FoxNews,Sat Mar 31 07:40:00 +0000 2018,63,0.0772,0.067,0.933,0.0,".@edhenry on @POTUS' border wall: ""They're gonna build this brick by brick whether the Democrats want the president… https://t.co/YhhciaxkQW"
363,@FoxNews,Sat Mar 31 07:36:03 +0000 2018,64,0.0,0.0,1.0,0.0,"Ex-cop worked with drug dealers, 'seized' cash from their rivals, authorities say
https://t.co/bht9Rcm95U"
364,@FoxNews,Sat Mar 31 07:31:00 +0000 2018,65,0.0,0.0,1.0,0.0,".@DiamondandSilk: ""We marched to the polls and we put on our thinking caps and we voted for @POTUS because we wante… https://t.co/aM5PhUJYBB"
365,@FoxNews,Sat Mar 31 07:20:00 +0000 2018,66,0.7906,0.35,0.65,0.0,.@dennisrodman: I hope Kim Jong Un wears a 'Make America Great Again' hat after meeting #Trump  https://t.co/9uDsuKiYup
366,@FoxNews,Sat Mar 31 07:09:00 +0000 2018,67,0.0,0.0,1.0,0.0,".@cvpayne: ""This week we saw the first Chinese solar company say, 'We're going to open up a plant in America.' How… https://t.co/zWCF378TY8"
367,@FoxNews,Sat Mar 31 06:56:00 +0000 2018,68,0.2732,0.223,0.644,0.133,Sailors assigned to Los Angeles-class attack submarine USS Topeka are greeted by family and friends during a homeco… https://t.co/uqxTF43e9O
368,@FoxNews,Sat Mar 31 06:45:17 +0000 2018,69,-0.9153,0.0,0.385,0.615,"Two teens charged in brutal beating death of New Jersey man
https://t.co/XQz3xit6Uv"
369,@FoxNews,Sat Mar 31 06:40:00 +0000 2018,70,0.0,0.0,1.0,0.0,Woman gets 5 years for illegally voting in 2016 presidential election https://t.co/96eyVkuDNN
370,@FoxNews,Sat Mar 31 06:31:42 +0000 2018,71,-0.8402,0.0,0.526,0.474,"Fire marshal in California resigns after blazes that left 40 people dead
https://t.co/G60lwhF5PD"
371,@FoxNews,Sat Mar 31 06:25:00 +0000 2018,72,-0.7184,0.0,0.739,0.261,".@DiamondandSilk: ""[@HillaryClinton] needs to talk about her dirty deeds - how she paid for that fake dossier to tr… https://t.co/UeYTPJctcG"
372,@FoxNews,Sat Mar 31 06:20:00 +0000 2018,73,-0.7717,0.0,0.642,0.358,"One officer in Alton Sterling shooting fired, and another suspended, police chief says https://t.co/XChtk8zH1l"
373,@FoxNews,Sat Mar 31 06:07:00 +0000 2018,74,0.5106,0.268,0.732,0.0,Appeals court strips angler of $2.8M fishing contest prize https://t.co/1u26KCuZdn
374,@FoxNews,Sat Mar 31 06:00:00 +0000 2018,75,0.6739,0.211,0.789,0.0,"PURE JOY: A wheelchair swing was recently installed in a Fort Smith, Arkansas, park, and this young boy's reaction… https://t.co/9jFmxnvsJ6"
375,@FoxNews,Sat Mar 31 05:50:26 +0000 2018,76,-0.5574,0.0,0.735,0.265,"Horse named after Patriots' Rob Gronkowski to run Kentucky Derby
https://t.co/HRo9DChVpg"
376,@FoxNews,Sat Mar 31 05:45:00 +0000 2018,77,0.0,0.0,1.0,0.0,"Earlier, @FLOTUS visited with children at the Palm Beach Children's Hospital at the St. Mary's Medical Center. https://t.co/6DzMyQuXQQ"
377,@FoxNews,Sat Mar 31 05:36:00 +0000 2018,78,0.4939,0.186,0.814,0.0,"On @OutnumberedFNC, @davidwebbshow praised President @realDonaldTrump's renewed calls for a wall on the nation's so… https://t.co/0e62YEYegh"
378,@FoxNews,Sat Mar 31 05:30:00 +0000 2018,79,0.1027,0.138,0.745,0.117,.@kayleighmcenany Clashes With Dem Strategist: 'Breathtaking' That You Give Trump No Credit on N. Korea https://t.co/jFcFum5VkF
379,@FoxNews,Sat Mar 31 05:17:00 +0000 2018,80,-0.296,0.0,0.804,0.196,.@HillaryClinton: No one tells a man to go away. https://t.co/VGn9BcoKnF https://t.co/jzkoddIsMn
380,@FoxNews,Sat Mar 31 05:10:00 +0000 2018,81,0.9349,0.603,0.397,0.0,"""Happy Passover, Happy Easter...and God Bless America""
On Good Friday, President @realDonaldTrump wished Americans… https://t.co/fMcCbfhiTR"
381,@FoxNews,Sat Mar 31 04:58:00 +0000 2018,82,0.4939,0.225,0.775,0.0,"On @foxandfriends, @cvpayne praised President @realDonaldTrump's handling of the economy. https://t.co/8wTbxSgy9z https://t.co/5IN1CW3rJl"
382,@FoxNews,Sat Mar 31 04:43:00 +0000 2018,83,0.1779,0.237,0.576,0.187,Pilot kisses ground after emergency landing in Florida https://t.co/YvYHKYRUio https://t.co/XIy4Oe0R6j
383,@FoxNews,Sat Mar 31 04:38:00 +0000 2018,84,0.0,0.0,1.0,0.0,"Sheriff A.J. Louderback: ""We're a nation of laws, and Texas sheriffs and sheriffs across this country are here to s… https://t.co/VrPRbKwbY5"
384,@FoxNews,Sat Mar 31 04:25:40 +0000 2018,85,0.4404,0.225,0.775,0.0,"California homeowner says she won't sell to Trump supporters: report
https://t.co/Rmup0G8fzE"
385,@FoxNews,Sat Mar 31 04:19:00 +0000 2018,86,0.0,0.0,1.0,0.0,.@DNC exec: Repeal 2nd Amendment. https://t.co/C3Rig1y6No
386,@FoxNews,Sat Mar 31 04:10:00 +0000 2018,87,0.0,0.0,1.0,0.0,"Stephen Colbert 'apologizes' to Trump, calls out CNN for 'lies' https://t.co/t5y71Bv1TY"
387,@FoxNews,Sat Mar 31 04:03:00 +0000 2018,88,0.0,0.0,1.0,0.0,Man dies from too much anti-diarrhea medication https://t.co/tvGwxFtPYt
388,@FoxNews,Sat Mar 31 03:55:00 +0000 2018,89,-0.34,0.0,0.854,0.146,Actor @RealJamesWoods took to Twitter to denounce calls for repealing the Second Amendment. https://t.co/YOlWc6pbip https://t.co/LPtOVjnWnK
389,@FoxNews,Sat Mar 31 03:52:18 +0000 2018,90,-0.7096,0.0,0.604,0.396,Democratic lawmaker asked to resign over reports of harassment 'coverup' https://t.co/uBkCKNKtPY
390,@FoxNews,Sat Mar 31 03:40:35 +0000 2018,91,0.0,0.0,1.0,0.0,".@KellyannePolls: ""@HillaryClinton is still talking about her and an election that happened a year and a half ago."" https://t.co/JZJWk1pqcm"
391,@FoxNews,Sat Mar 31 03:30:18 +0000 2018,92,0.4019,0.137,0.863,0.0,.@RepGoodlatte on what he believes it would take for AG Jeff Sessions to appoint a second special counsel… https://t.co/TruUCcGvzv
392,@FoxNews,Sat Mar 31 03:19:00 +0000 2018,93,0.1027,0.154,0.714,0.132,WATCH: Missouri firefighters saved a cat that wasn't moving after a house fire in St. Louis. https://t.co/G8dT4oBmFu
393,@FoxNews,Sat Mar 31 03:09:46 +0000 2018,94,0.5267,0.195,0.805,0.0,#Trump Answers Boy Seeking Kidney for Father: 'You're a Brave Young Man With a Big Heart' https://t.co/OrCRkaBSiM
394,@FoxNews,Sat Mar 31 02:57:08 +0000 2018,95,-0.25,0.0,0.875,0.125,Chef who carved meat during animal rights protest says he 'just kind of snapped' https://t.co/WCgHbps2Hw
395,@FoxNews,Sat Mar 31 02:48:10 +0000 2018,96,-0.4939,0.0,0.824,0.176,.@GeraldoRivera: “I fear when history starts being rewritten constantly through the prism of political correctness… https://t.co/cZqnIOAIhi
396,@FoxNews,Sat Mar 31 02:35:39 +0000 2018,97,-0.2732,0.049,0.852,0.099,".@AreuCathy: ""I think all of us can relate to [#Roseanne] no matter what coast or middle state we're living in.""… https://t.co/SRN8rmM0bu"
397,@FoxNews,Sat Mar 31 02:24:52 +0000 2018,98,0.0,0.0,1.0,0.0,"#Roseanne revival scores renewal at ABC, report says https://t.co/0FoqcwxvSr"
398,@FoxNews,Sat Mar 31 02:12:18 +0000 2018,99,0.0,0.0,1.0,0.0,.@dbongino: “The Democrats are out of ideas in the legislative and policy realm.” @IngrahamAngle https://t.co/GwcBbr5eHs
399,@FoxNews,Sat Mar 31 02:08:00 +0000 2018,100,-0.25,0.0,0.818,0.182,2 alleged spies among Russians expelled by US are ID'd https://t.co/wcYIufKgkK
400,@NYTimes,Sat Mar 31 16:15:04 +0000 2018,1,0.0,0.0,1.0,0.0,"Commercial bail has grown into a $2 billion industry, and bond agents have become the payday lenders of the crimina… https://t.co/zh9i0J8Re5"
401,@NYTimes,Sat Mar 31 16:00:23 +0000 2018,2,-0.3321,0.0,0.889,0.111,He had a breakdown and later found refuge in a Bronx boatyard. He’d been running from a past most people would envy. https://t.co/BuGYaFbhmK
402,@NYTimes,Sat Mar 31 15:45:06 +0000 2018,3,-0.4588,0.128,0.62,0.252,The Compton Cowboys are 10 friends on a mission to combat negative stereotypes about African-Americans and the city… https://t.co/y2duukhKgp
403,@NYTimes,Sat Mar 31 15:30:15 +0000 2018,4,-0.2732,0.0,0.89,0.11,"In @NYTOpinion, 

Op-Ed Columnist @FrankBruni talks to Ann Coulter about becoming a Trump critic, after being one o… https://t.co/DVjzvcb4Tg"
404,@NYTimes,Sat Mar 31 15:15:04 +0000 2018,5,0.0,0.0,1.0,0.0,"Less than 5 weeks after declaring her candidacy for Congress, Stacey Dash is withdrawing from the race to represent… https://t.co/SjSx6fi6xA"
405,@NYTimes,Sat Mar 31 15:00:05 +0000 2018,6,0.0,0.0,1.0,0.0,The week's most notable new music https://t.co/ZVgG5tgSdj
406,@NYTimes,Sat Mar 31 14:45:07 +0000 2018,7,0.2023,0.122,0.878,0.0,"RT @nytgraphics: Here's how Trump's top staff turnover compares to recent presidents. 
https://t.co/UWbco5N5Uo https://t.co/rKGYPfe56r"
407,@NYTimes,Sat Mar 31 14:35:02 +0000 2018,8,0.0,0.0,1.0,0.0,"EPA Chief Scott Pruitt, whose travel expenses have already drawn the attention of the House Oversight Committee, re… https://t.co/oRWZj2YRZy"
408,@NYTimes,Sat Mar 31 14:25:04 +0000 2018,9,0.3182,0.105,0.844,0.051,"RT @karenyourish: Like a game of musical chairs, every week of the Trump administration seems to leave someone without a seat at the presid…"
409,@NYTimes,Sat Mar 31 14:15:08 +0000 2018,10,0.6705,0.216,0.784,0.0,Do you know anyone in these civil rights photos? We’re hoping you might be able to help us identify these people.… https://t.co/Mdr5O0em2P
410,@NYTimes,Sat Mar 31 14:00:09 +0000 2018,11,-0.4019,0.068,0.78,0.151,"Notre Dame defeated UConn, the juggernaut of women’s basketball, in a Final Four overtime thriller. Next up: Missis… https://t.co/4Od7gVsNcb"
411,@NYTimes,Sat Mar 31 13:36:17 +0000 2018,12,0.0,0.0,1.0,0.0,"RT @nytimesarts: Tina Fey on how to make a ""Mean Girls"" musical: ""Embracing nerdery"" is ""the core of the story"" https://t.co/p3RSfYOJdT"
412,@NYTimes,Sat Mar 31 13:17:40 +0000 2018,13,0.0,0.0,1.0,0.0,"Your Money: A Student Loan Fix for a Teacher, and Many Other Public Servants https://t.co/FEuSrUcNBc"
413,@NYTimes,Sat Mar 31 13:01:58 +0000 2018,14,0.0,0.0,1.0,0.0,"The music that caught our critics’ attention this week, including Cardi B's newest track https://t.co/GblXoLmkKV"
414,@NYTimes,Sat Mar 31 12:43:02 +0000 2018,15,0.6808,0.444,0.556,0.0,5 cheap(ish) things to help you become a better baker https://t.co/Vk5ggSbMyE
415,@NYTimes,Sat Mar 31 12:22:08 +0000 2018,16,0.6369,0.412,0.588,0.0,11 of Our Best Weekend Reads https://t.co/RHkjZ1rHnD
416,@NYTimes,Sat Mar 31 12:05:44 +0000 2018,17,0.0,0.0,1.0,0.0,RT @nytimesmusic: Can North Korea handle a K-pop invasion? https://t.co/F2zKcnxqQK https://t.co/6q7DdCC7RZ
417,@NYTimes,Sat Mar 31 11:47:59 +0000 2018,18,-0.5574,0.0,0.816,0.184,"A martyr for Korean independence, Yu Gwan-sun died at 17 and went on to become a national hero… https://t.co/DgJMIUTDSd"
418,@NYTimes,Sat Mar 31 11:30:31 +0000 2018,19,0.5267,0.145,0.855,0.0,RT @NYTSports: The Dubai World Cup started racing on a camel track. Now it's the world's richest day of horse racing. https://t.co/bmfvOEla…
419,@NYTimes,Sat Mar 31 11:13:05 +0000 2018,20,0.4215,0.177,0.823,0.0,"In case your heart is true, here's how to be a pal and a confidant https://t.co/Tz1wHLO2tR"
420,@NYTimes,Sat Mar 31 10:55:29 +0000 2018,21,0.0,0.0,1.0,0.0,The story of one White House dinner shows how the National Enquirer's publisher has used President Trump's friendsh… https://t.co/j1OZfxKUut
421,@NYTimes,Sat Mar 31 10:38:46 +0000 2018,22,-0.2263,0.0,0.894,0.106,"Citing Trump’s ""overtly bigoted statements,"" a federal judge ruled that a lawsuit to preserve the DACA program coul… https://t.co/sqCZD9i8Mw"
422,@NYTimes,Sat Mar 31 10:21:34 +0000 2018,23,0.0,0.0,1.0,0.0,Carry On: What Tyra Banks Can’t Travel Without https://t.co/MXeShXsksT
423,@NYTimes,Sat Mar 31 10:19:02 +0000 2018,24,-0.872,0.0,0.702,0.298,"RT @NYTMetro: The nanny who killed two children on the Upper West Side believed she was acting on a command from the Devil, a psychiatrist…"
424,@NYTimes,Sat Mar 31 10:02:59 +0000 2018,25,0.0772,0.098,0.902,0.0,"Doctors: You’ve Detailed Your Last Wishes, but Doctors May Not See Them https://t.co/tBuzWxgZOJ"
425,@NYTimes,Sat Mar 31 09:47:49 +0000 2018,26,0.0,0.0,1.0,0.0,His wife's therapist told her to write a letter to his therapist. Did that cross a line? https://t.co/cbhZfmBA0o
426,@NYTimes,Sat Mar 31 09:30:49 +0000 2018,27,0.0,0.0,1.0,0.0,Why do cracking knuckles make that sound? You might need a calculator to explain it. https://t.co/NduaA792O0
427,@NYTimes,Sat Mar 31 09:13:56 +0000 2018,28,0.4404,0.172,0.828,0.0,Hope Hicks has left the building. Those left behind are wondering what happens now. https://t.co/hcrVO6Tk6K
428,@NYTimes,Sat Mar 31 08:56:53 +0000 2018,29,0.296,0.145,0.855,0.0,5 times David Pecker and The National Enquirer have defended or championed President Trump https://t.co/6Q77qgM8KR
429,@NYTimes,Sat Mar 31 08:40:25 +0000 2018,30,0.5106,0.18,0.82,0.0,There remains a strong correlation between marriage and economic class in the American higher education system https://t.co/eEOrW8YT06
430,@NYTimes,Sat Mar 31 08:21:17 +0000 2018,31,0.0,0.0,1.0,0.0,RT @nytfood: How Maida Heatter's famous East 62nd Street lemon cake came to be https://t.co/ZGpbqHQmjJ https://t.co/nU45f9zzhv
431,@NYTimes,Sat Mar 31 08:04:36 +0000 2018,32,0.5267,0.159,0.841,0.0,Loyola’s Ben Richardson and Clayton Custer have been winning basketball games together since they were in third gra… https://t.co/SSVjJyVfZI
432,@NYTimes,Sat Mar 31 07:48:20 +0000 2018,33,0.0,0.0,1.0,0.0,14 Million Visitors to U.S. Face Social Media Screening https://t.co/KNXBKtOasv
433,@NYTimes,Sat Mar 31 07:37:38 +0000 2018,34,-0.296,0.0,0.896,0.104,"The case of the missing sport coat has it all: video evidence, reparations, multiple apologies and a Final Four coa… https://t.co/3BEeHImbqy"
434,@NYTimes,Sat Mar 31 07:21:19 +0000 2018,35,0.6249,0.204,0.796,0.0,The history of basketball excellence at Catholic colleges stretches back as long as the tournament itself https://t.co/EtmzTYxAa6
435,@NYTimes,Sat Mar 31 07:05:05 +0000 2018,36,0.0,0.0,1.0,0.0,"Gym.
Tan.
Laundry.
Check on the kids. 
https://t.co/diSmCcvhfu"
436,@NYTimes,Sat Mar 31 06:48:34 +0000 2018,37,0.765,0.268,0.732,0.0,"Before Loyola won it’s only NCAA championship in 1963, the integrated team met an all-white team from Mississippi S… https://t.co/JtuxIAJEsQ"
437,@NYTimes,Sat Mar 31 06:32:18 +0000 2018,38,-0.5574,0.0,0.714,0.286,You know Loyola’s Sister Jean. Meet Villanova’s Father Rob. https://t.co/Dmq81J1abn
438,@NYTimes,Sat Mar 31 06:16:03 +0000 2018,39,0.0,0.0,1.0,0.0,"Four trips to the Final Four with Maguire are considered enough to graduate, with a degree in bracketology and a mi… https://t.co/jFTxeL9QSd"
439,@NYTimes,Sat Mar 31 05:59:12 +0000 2018,40,0.0,0.0,1.0,0.0,"There’s been talk of bankruptcy swirling around Gibson, the Nashville-based guitar company. What happened? https://t.co/DNgMSBZpwT"
440,@NYTimes,Sat Mar 31 05:40:19 +0000 2018,41,-0.296,0.0,0.879,0.121,A Russian man accused of hacking 3 American tech companies in 2012 has been extradited to the U.S. https://t.co/6bV8bpGhaw
441,@NYTimes,Sat Mar 31 05:24:06 +0000 2018,42,-0.5994,0.0,0.811,0.189,"RT @nytimesarts: The pictures in this exhibition are a vivid indication of how Sally Mann turned her fears into art, our critic writes http…"
442,@NYTimes,Sat Mar 31 05:07:49 +0000 2018,43,-0.5106,0.079,0.717,0.204,"RT @ronlieber: That teacher with the student loan forgiveness problem I wrote about a few months back? The column fixed that problem, and t…"
443,@NYTimes,Sat Mar 31 04:51:22 +0000 2018,44,0.2013,0.234,0.645,0.121,"President Trump attacked Amazon, saying that it does not pay enough taxes and uses the United States postal system… https://t.co/DhulEmxyAf"
444,@NYTimes,Sat Mar 31 04:35:13 +0000 2018,45,-0.4939,0.0,0.656,0.344,Judge Temporarily Stops U.S. From Blocking Undocumented Teenagers’ Abortions https://t.co/9spkLwsskX
445,@NYTimes,Sat Mar 31 04:23:19 +0000 2018,46,-0.765,0.0,0.602,0.398,Tesla Says Crashed Vehicle Had Been on Autopilot Before Fatal Accident https://t.co/ncu76CWMuV
446,@NYTimes,Sat Mar 31 04:14:02 +0000 2018,47,-0.296,0.0,0.82,0.18,What You Might Have Missed: 10 Weekend Reads From Opinion https://t.co/YUFD15bm6i
447,@NYTimes,Sat Mar 31 04:04:37 +0000 2018,48,-0.3818,0.0,0.833,0.167,UConn Is Upset by Notre Dame in OT in the Women’s Final Four https://t.co/03MAnmcJ8R
448,@NYTimes,Sat Mar 31 04:00:19 +0000 2018,49,0.0,0.0,1.0,0.0,"At your fingertips: The many sides of David Bowie. 

He was a musician, actor, painter, fashion pioneer — and never… https://t.co/U1uY2wWw1e"
449,@NYTimes,Sat Mar 31 03:52:43 +0000 2018,50,-0.7906,0.0,0.5,0.5,Anguished Mourners Beg for Answers After Jail Fire in Venezuela https://t.co/2r7EZrE3md
450,@NYTimes,Sat Mar 31 03:28:39 +0000 2018,51,-0.34,0.0,0.714,0.286,Vermont Legislature Passes Sweeping Gun Restrictions https://t.co/gb9ESCMdEx
451,@NYTimes,Sat Mar 31 03:19:05 +0000 2018,52,-0.1027,0.0,0.903,0.097,"U.S. Says It Can Pay for 100 Miles of Wall on 2,000-Mile Border https://t.co/MKwcvEdkUk"
452,@NYTimes,Sat Mar 31 03:15:10 +0000 2018,53,0.3612,0.102,0.898,0.0,"Tesla once looked like the future of the car industry. But as it burns cash and hits production snags, its own futu… https://t.co/Oqk8bdC0TO"
453,@NYTimes,Sat Mar 31 02:58:09 +0000 2018,54,-0.4404,0.0,0.879,0.121,Today’s teens have been raised on cellphones and social media. Should we worry about them or just get out of their… https://t.co/Qam8493mzr
454,@NYTimes,Sat Mar 31 02:38:48 +0000 2018,55,-0.7149,0.0,0.668,0.332,Does Hell Exist? And Did the Pope Give an Answer? https://t.co/kiElN9S4sq
455,@NYTimes,Sat Mar 31 02:37:42 +0000 2018,56,0.7869,0.29,0.71,0.0,"Sister Jean’s prayers are anything but bipartisan. “I ask God to be especially good to Loyola,” she said. https://t.co/bwaEasEsPc"
456,@NYTimes,Sat Mar 31 02:21:05 +0000 2018,57,0.34,0.185,0.815,0.0,"In Opinion

Bret Stephens accepted Michelle Goldberg's open challenge to debate whether Kevin Williamson's views ar… https://t.co/ZofSzvmvzS"
457,@NYTimes,Sat Mar 31 02:18:20 +0000 2018,58,0.2732,0.16,0.84,0.0,"Scott Pruitt, E.P.A. Chief, Rented Residence From Wife of Energy Lobbyist https://t.co/0CKCCXNnmE"
458,@NYTimes,Sat Mar 31 02:16:37 +0000 2018,59,0.0,0.0,1.0,0.0,"In Opinion

Michelle Goldberg says that Kevin Williamson's views about African-Americans, women, trans people and t… https://t.co/HiOQXuS0WU"
459,@NYTimes,Sat Mar 31 02:05:47 +0000 2018,60,0.0,0.0,1.0,0.0,Police Release New Body Camera Footage of Alton Sterling Shooting https://t.co/Lt5SNXzKsn
460,@NYTimes,Sat Mar 31 01:52:06 +0000 2018,61,-0.2247,0.0,0.9,0.1,A more aggressive Russia policy is being pushed by some Trump advisers after this week's diplomatic expulsions. Pre… https://t.co/eR58DMCzP4
461,@NYTimes,Sat Mar 31 01:40:02 +0000 2018,62,0.0,0.0,1.0,0.0,"""We’ll be here as long as it takes to get our demands met."" https://t.co/iSEdrUD7PC"
462,@NYTimes,Sat Mar 31 01:38:10 +0000 2018,63,-0.3612,0.0,0.8,0.2,Albany Strikes Deal on a Budget That Subverts Trump’s Tax Plan https://t.co/GZXgS4UGF0
463,@NYTimes,Sat Mar 31 01:29:06 +0000 2018,64,-0.8316,0.0,0.658,0.342,"Andrew Bosworth, a Facebook vice president, wrote, “Maybe someone dies in a terrorist attack coordinated on our too… https://t.co/57UwrRVuh5"
464,@NYTimes,Sat Mar 31 01:16:19 +0000 2018,65,0.5106,0.248,0.752,0.0,"Bar Americans From Man Booker Prize, Fed-Up British Authors Urge https://t.co/71d5rFUj4L"
465,@NYTimes,Sat Mar 31 01:10:06 +0000 2018,66,0.802,0.255,0.745,0.0,"RT @nytimesarts: “King of Kings,” “The Greatest Story Ever Told,” “The Passion of the Christ” — and other sort-of Easter movies to stream h…"
466,@NYTimes,Sat Mar 31 00:48:04 +0000 2018,67,0.0,0.0,1.0,0.0,"RT @NirajC: This week, a cryptocurrency company funded every classroom project on @DonorsChoose. https://t.co/W9hns5LcUf"
467,@NYTimes,Sat Mar 31 00:14:35 +0000 2018,68,0.3182,0.187,0.813,0.0,Walmart in Talks to Strengthen Ties to Health Insurer Humana https://t.co/bUhlWHpziI
468,@NYTimes,Sat Mar 31 00:07:36 +0000 2018,69,0.5859,0.167,0.833,0.0,"""There's a lot about this country we need to learn a lot more about."" How President Trump's win shifted ABC's plans… https://t.co/v4hhGN3ui5"
469,@NYTimes,Fri Mar 30 23:50:36 +0000 2018,70,-0.3182,0.0,0.839,0.161,"Fiction: Brainy and Benighted, Lost in the Books of Bolaño and Borges https://t.co/TzJz6yZlkY"
470,@NYTimes,Fri Mar 30 23:37:45 +0000 2018,71,0.0,0.0,1.0,0.0,The tech industry was once one of President Trump's most vocal opponents.  Now it has increasingly found common gro… https://t.co/fETU5Ha4Ba
471,@NYTimes,Fri Mar 30 23:19:08 +0000 2018,72,0.25,0.268,0.567,0.165,She was fit and healthy. So why did her right lung mysteriously collapse? https://t.co/cDamzO81ZG
472,@NYTimes,Fri Mar 30 23:00:04 +0000 2018,73,0.0,0.0,1.0,0.0,"If the addition of a citizenship question to the 2020 census reduces participation of noncitizens, here are the sta… https://t.co/VU2mtnAVvF"
473,@NYTimes,Fri Mar 30 22:50:04 +0000 2018,74,0.0,0.0,1.0,0.0,"RT @abscribe: After #Harvey pounded Texas, a @nytimes team of journalists spent time with families to understand how they made a decision t…"
474,@NYTimes,Fri Mar 30 22:38:40 +0000 2018,75,-0.7096,0.0,0.772,0.228,"The fatal police shooting of Alton Sterling in 2016 has led to the firing of one Baton Rouge, La., officer. Another… https://t.co/DJpNOco0Sn"
475,@NYTimes,Fri Mar 30 22:28:28 +0000 2018,76,0.2675,0.158,0.723,0.119,RT @nytclimate: You shouldn't pass over this excellent story about drought and famine in ancient Egypt: a timeless tale of failing to adapt…
476,@NYTimes,Fri Mar 30 22:15:05 +0000 2018,77,-0.6705,0.0,0.836,0.164,Amia Tyrae is at least the 7th transgender woman killed in the U.S. this year. She “was taken away in the very mann… https://t.co/3uIKUiquso
477,@NYTimes,Fri Mar 30 22:00:06 +0000 2018,78,0.0,0.0,1.0,0.0,The Metropolitan Opera is presenting a new opera for babies between between 6 months old and 18 months old https://t.co/e2eFUDFUYC
478,@NYTimes,Fri Mar 30 21:45:06 +0000 2018,79,-0.1531,0.196,0.625,0.179,RT @nytfood: Remember Balducci's? The man credited with creating the gastronomic mecca is dead at 92 https://t.co/QWJz32P7Y8 https://t.co/O…
479,@NYTimes,Fri Mar 30 21:35:04 +0000 2018,80,0.336,0.117,0.883,0.0,"The Man Booker is Britain’s most prestigious literary award, but for the past 2 years, American writers have domina… https://t.co/FISkVSO6kv"
480,@NYTimes,Fri Mar 30 21:25:04 +0000 2018,81,-0.5994,0.051,0.745,0.204,"""I want to die over there, not here."" The New York Times joined an elderly couple on a bittersweet journey home to… https://t.co/DRsP7fwudW"
481,@NYTimes,Fri Mar 30 21:10:04 +0000 2018,82,-0.4404,0.0,0.879,0.121,Today’s teens have been raised on cellphones and social media. Should we worry about them or just get out of their… https://t.co/uxlQbv3xDN
482,@NYTimes,Fri Mar 30 20:55:02 +0000 2018,83,-0.4939,0.0,0.856,0.144,"RT @nytfood: We have recipes for Passover, Easter and the weekend. (And a suggestion for April Fools' Day: Make a cherry cola-chocolate-may…"
483,@NYTimes,Fri Mar 30 20:40:06 +0000 2018,84,0.6369,0.198,0.802,0.0,"The sordid love affair between Elizabeth Taylor and Richard Burton during ""Cleopatra"" is now an onstage drama https://t.co/ioZrmQLekP"
484,@NYTimes,Fri Mar 30 20:25:05 +0000 2018,85,0.5859,0.255,0.745,0.0,"RT @nytopinion: In Memphis, Martin Luther King's dream of income equality remains far from fulfilled https://t.co/8hy3fxZYyS"
485,@NYTimes,Fri Mar 30 20:10:07 +0000 2018,86,0.0,0.0,1.0,0.0,"RT @nytimesworld: “At the airport in Bucharest, I was surrounded by customs officials. They said, ‘You’re dead,’ ” he recalled with disbeli…"
486,@NYTimes,Fri Mar 30 19:58:07 +0000 2018,87,0.0,0.0,1.0,0.0,How Ta-Nehisi Coates’s deeply personal “Between the World and Me” was adapted into a stage performance at the Apollo https://t.co/OtttIFqRmu
487,@NYTimes,Fri Mar 30 19:48:01 +0000 2018,88,0.0,0.0,1.0,0.0,“Roseanne” is going to be here for a while. The revived sitcom is getting a second season. https://t.co/U99w72y13Z
488,@NYTimes,Fri Mar 30 19:38:01 +0000 2018,89,0.0,0.0,1.0,0.0,RT @nytimesarts: Netflix enters its teenage phase https://t.co/3Bu8BbznHn
489,@NYTimes,Fri Mar 30 19:28:05 +0000 2018,90,0.0,0.0,1.0,0.0,A Census Bureau panel of expert advisers on Friday rebuked the Trump administration’s decision to add a question on… https://t.co/21aW2YW6Bm
490,@NYTimes,Fri Mar 30 19:18:06 +0000 2018,91,0.7269,0.253,0.747,0.0,Maguire University has attended every Final Four weekend since 1963. Which is pretty good when one considers the sc… https://t.co/SvVmqL4sz4
491,@NYTimes,Fri Mar 30 19:13:02 +0000 2018,92,0.0,0.0,1.0,0.0,Nearly all applicants for a visa to enter the U.S. will be asked to submit their social-media user names for the pa… https://t.co/CUnQHxELzC
492,@NYTimes,Fri Mar 30 19:08:05 +0000 2018,93,-0.4767,0.0,0.876,0.124,It currently takes 250 days to get an interview with the U.S. visa section in Russia. That will only get worse with… https://t.co/FcyA6lDsN2
493,@NYTimes,Fri Mar 30 18:59:03 +0000 2018,94,0.2682,0.137,0.775,0.088,"RT @nytimesarts: Many scholars think Bach was a forward-looking, quasi-scientific thinker who had little or no genuine interest in traditio…"
494,@NYTimes,Fri Mar 30 18:52:05 +0000 2018,95,0.0,0.0,1.0,0.0,The founder of a crowdfunding website for school projects emailed the CEO of a cryptocurrency company with a propos… https://t.co/KvayQou55W
495,@NYTimes,Fri Mar 30 18:44:04 +0000 2018,96,0.0,0.0,1.0,0.0,"On the morning after the 2016 election, a group of ABC executives gathered to discuss what the Trump victory meant… https://t.co/cO0CDuBrUH"
496,@NYTimes,Fri Mar 30 18:35:37 +0000 2018,97,0.0,0.0,1.0,0.0,An earlier tweet to an earlier version of this story was deleted. It should have clarified that Mr. Clark was shot… https://t.co/PPWn2biVex
497,@NYTimes,Fri Mar 30 18:34:10 +0000 2018,98,-0.2263,0.0,0.905,0.095,"Stephon Clark, the unarmed man who was shot by Sacramento police in his grandmother’s backyard, sparking protests t… https://t.co/J5dy6mSFu4"
498,@NYTimes,Fri Mar 30 18:29:45 +0000 2018,99,0.0,0.0,1.0,0.0,"RT @jdelreal: NEWS: Stephon Clark’s family commissioned an independent autopsy, which found he was shot eight times from the back and side.…"
499,@NYTimes,Fri Mar 30 18:28:02 +0000 2018,100,0.0,0.0,1.0,0.0,"These frogs ""used to be so abundant that you could barely walk without stepping on them."" Then came the fungus. https://t.co/rm6OwCEMmI"
